"","average","sd","ratio","ava","avb","cumsum","p","comparison"
"1355ee0e4102eda4798184a58389797f",0.295720148148148,0.159446743534424,1.85466408151699,3188.66666666667,55398.9333333333,0.331149131420572,0.01,"G1_G0"
"cdecb1c00aad4c9ee55bdae8d8c154d7",0.110166518518519,0.169218780641228,0.65103009312004,3821.93333333333,19353,0.454514235717624,0.01,"G1_G0"
"1a2518325e43623283d3ad6996e6a6dc",0.0687973580246914,0.0538058857986445,1.27862141852192,7607.33333333333,13974.6,0.531553914943313,0.01,"G1_G0"
"5f92ec0b039c9127715e033a44803b16",0.0623199259259259,0.0331184670244071,1.88172737222404,11227.4666666667,11.4,0.601340128259513,0.01,"G1_G0"
"f36c161e4341ca7c0fd5d7615f736706",0.0400375555555556,0.0612447061868428,0.653730878117215,7224.2,29.0666666666667,0.646174414423143,0.01,"G1_G0"
"cba990f8b3d42525af59136619c45353",0.0322561975308642,0.0289917521829353,1.11259910499133,5813.13333333333,11.4,0.682295090887585,0.49,"G1_G0"
"1342e1df4714070ba6c899351d5fbe98",0.0229940740740741,0.0259193744810684,0.887138464351022,4138.93333333333,0,0.708043987961839,0.89,"G1_G0"
"ad4cd5d588129069899b6d0c45e64102",0.0223827901234568,0.0168534602873246,1.32808276412475,4214.33333333333,378.266666666667,0.73310836573443,0.08,"G1_G0"
"0fdeaf3282ab2f5a5a768cd83c4355d4",0.021248987654321,0.0251819596597886,0.843817873644364,3864.6,55.9333333333333,0.7569031049477,0.01,"G1_G0"
"58c0a8cf76f6b0cb40a42ccf770f67b0",0.016178,0.0250733836730533,0.645226037736051,2908.26666666667,161.4,0.775019322870864,0.21,"G1_G0"
"dc37dab042e0f652bba8cacb048bbc87",0.0134608641975309,0.0202932370320732,0.663317743554472,2423,0.666666666666667,0.790092876414971,0.69,"G1_G0"
"a2623a81506363cd410718d6f0a784c5",0.0125676543209877,0.0190851743053086,0.658503512723587,2262.93333333333,2.26666666666667,0.804166208375782,0.01,"G1_G0"
"c3c6b35a7e7fd0a56aab3c29bd47737b",0.0122884691358025,0.0184278056364203,0.666843865094596,2237.46666666667,54.7333333333333,0.817926907152285,0.25,"G1_G0"
"0cb1a8f2800668e33b9ea3ba43e1fec6",0.0107348148148148,0.0107436684370791,0.999175921863544,1932.26666666667,0,0.829947814838649,0.33,"G1_G0"
"e17563b3df444656591db2ee65e212f1",0.0101279012345679,0.00843410355972483,1.20082723230142,1823.33333333333,0.933333333333333,0.841289097189354,0.96,"G1_G0"
"f1170c4937094648423f1d76f7e2d8df",0.00927259259259259,0.0146510061744031,0.632898005926228,1669.06666666667,0,0.851672599978334,0.78,"G1_G0"
"aa935103e3f612d4a45a649b5acab4e0",0.00902491358024691,0.00995122567265239,0.906914773830209,1624.46666666667,0.266666666666667,0.861778750377485,0.98,"G1_G0"
"341476ed2ddccd9b810f20810c2169b1",0.00879407407407407,0.0199414147384352,0.440995495526419,1582.93333333333,0,0.871626405363167,0.5,"G1_G0"
"a6684ce7c07660834ac05d6a898e43d5",0.0080300987654321,0.0105320628472624,0.762443111277043,1445.46666666667,0.733333333333333,0.880618556381779,0.57,"G1_G0"
"fc327e4ececc2f4066a4fc1054bbdcab",0.00689748148148148,0.0154767616527688,0.445666970664211,1242.06666666667,6.86666666666667,0.888342396018291,0.5,"G1_G0"
"9f872c9b2b6199958b38261da0c19fe1",0.00649444444444444,0.0217591606894368,0.298469437178119,1169,0,0.895614912450819,0.52,"G1_G0"
"840e9b2c8fd818543742cadaaabbacd8",0.00639767901234568,0.0151399983972018,0.422568011204552,1154.4,56.6666666666667,0.902779070393093,0.53,"G1_G0"
"27ca29a04c426a28399fb0ed50f16372",0.00614659259259259,0.0071619656793352,0.858227038189764,1106.66666666667,1.4,0.909662060311025,0.14,"G1_G0"
"f65f1bdf4c9a0c2a098c5550d734cc52",0.0057362962962963,0.0159747459876359,0.359085290040672,1032.53333333333,0,0.916085598064489,0.4,"G1_G0"
"3b09c48d62fb18cfddc9cf9353cc5c0d",0.00536839506172839,0.00751632920922847,0.714230964649225,967.066666666667,11.3333333333333,0.922097157888689,0.63,"G1_G0"
"6784ec90ade80686afc929fe409b8ac2",0.00423708641975309,0.00880149327109868,0.481405403520143,763.2,7.86666666666667,0.926841871755639,0.4,"G1_G0"
"7e51b4b16965ac6a7d65eea594ecfeba",0.00413185185185185,0.0143443266700408,0.288047807812516,743.733333333333,0,0.931468743345105,0.45,"G1_G0"
"e1a2c54f302520b1bca56089503d77e0",0.00359555555555556,0.00938760884894517,0.383010797894457,647.2,0,0.93549506724171,0.43,"G1_G0"
"e48f184a1738f2ab51d3dd37db99ee47",0.00358703703703704,0.0125195506610425,0.286514838603509,644.066666666667,4.8,0.939511852052034,0.3,"G1_G0"
"4888905151d87b45c37d8bfbc7c7baaa",0.00345464197530864,0.0035180201284796,0.981984709906038,636.2,156.666666666667,0.943380380106874,1,"G1_G0"
"7b4332d9b4fef3874246194bff33039e",0.00316703703703704,0.00756895535044314,0.418424589709281,570.066666666667,0,0.946926846489226,0.19,"G1_G0"
"e8820a8b0ccb14b286019c21e8bfcf00",0.00303592592592593,0.0112005995524837,0.271050305093064,546.466666666667,0,0.950326493891418,0.44,"G1_G0"
"efc1ec27585ebab02453b0b3ad210d4a",0.00284044444444444,0.0092585888267863,0.306790213669136,493.466666666667,27.2,0.953507240000591,0.4,"G1_G0"
"9389cc5e24fcb8fd40794cda2f4a20f0",0.00262972839506173,0.00827101352926849,0.317945120722624,473.333333333333,0.266666666666667,0.956452025059539,0.51,"G1_G0"
"5f9c632fdbb71b06c495aed0fa3795ea",0.0022241975308642,0.00417952021330833,0.532165755241944,400.933333333333,12,0.958942694312432,0.88,"G1_G0"
"6b5cefcaf2c763625299668325ee6e9f",0.00213679012345679,0.00267460589844245,0.798917748854567,384.466666666667,2.33333333333333,0.961335484245217,1,"G1_G0"
"0f79094cae6cd434ba058b9fdd88d61d",0.00193814814814815,0.00529428478019215,0.366083093111928,348.866666666667,0,0.963505833745726,0.44,"G1_G0"
"8f09d0e9a896102f0926d8ddf73e7eb7",0.00177560493827161,0.00651542155859272,0.272523415761162,317.066666666667,3.46666666666667,0.965494166420171,0.55,"G1_G0"
"0aa415e2ba6a661bead2121028d9370a",0.00172627160493827,0.00220313111614416,0.783553730546701,317.6,29.0666666666667,0.967427255342759,0.99,"G1_G0"
"fd4b547fa11d2644e71220f8141dbed2",0.00169582716049383,0.00483108886809491,0.351023797490722,302.533333333333,11.9333333333333,0.969326252400463,0.65,"G1_G0"
"14569551c45f41dc37a8a789b6c34e93",0.00144802469135802,0.00486175910584056,0.297839662524306,260.6,0.133333333333333,0.97094775882071,0.5,"G1_G0"
"04e58144a1e0bf97a313b3b84b602376",0.00140074074074074,0.00525277777777778,0.266666666666667,252.133333333333,0,0.972516316399713,0.01,"G1_G0"
"a921f7d48c056d2365fce6b17bdfbb71",0.0011462962962963,0.00152758025418654,0.750400048151133,206.333333333333,0,0.973799945618913,0.75,"G1_G0"
"9b1614e795daf36d080a0409abbb7975",0.00111814814814815,0.00137976187622974,0.810392117227895,201.266666666667,0,0.975052054379096,0.87,"G1_G0"
"4afd12be8b23a2d2b1932744ec60fdcd",0.00109185185185185,0.00132360642664772,0.824906731993718,196.533333333333,0,0.97627471639467,0.98,"G1_G0"
"7496671ed8f70f49b6f48d2368db5626",0.00105286419753086,0.002477267741131,0.425010256279435,75.3333333333333,124.866666666667,0.977453719809552,0.61,"G1_G0"
"076a3cdae4e19b9ebd3b1e867d50d50d",0.000922222222222222,0.00345833333333333,0.266666666666667,166,0,0.978486429585258,0.01,"G1_G0"
"98efba6e4e3e6a0f52c2727c91619f72",0.00088437037037037,0.00250485271307467,0.35306282311698,159,0.4,0.979476752638442,0.37,"G1_G0"
"7f8923e6de6b6a07954cfbfc8ffa0e9b",0.00077962962962963,0.00119646723331147,0.651609678830772,140.333333333333,0,0.980349786404651,0.97,"G1_G0"
"7728dcc32fd62163bbcd131499f3644d",0.000720740740740741,0.00122627529629067,0.587747908582104,129.733333333333,0,0.981156876052652,0.88,"G1_G0"
"7d952f43664b4082d9801903c3653320",0.000577407407407407,0.000754134510700364,0.765655727479134,103.933333333333,0,0.981803460205393,0.46,"G1_G0"
"8ba690413c85a2d1ca07752c7530803c",0.000554074074074074,0.00073969850619732,0.749053931340874,99.7333333333333,0,0.98242391555658,0.84,"G1_G0"
"835c646a619cfb59f032918f6d6724b1",0.000511481481481481,0.000789168119317257,0.648127400184368,92.0666666666667,0,0.982996675476358,0.98,"G1_G0"
"59470531649449e66a30d968901a4763",0.000481851851851852,0.00100832855064675,0.477871871765196,86.7333333333333,0,0.983536255965592,0.01,"G1_G0"
"0dcefd65571849dd41395e1d88748cee",0.000451111111111111,0.000888785491258099,0.507559040452553,81.2,0,0.984041412795636,0.76,"G1_G0"
"8550561c2fdadd7f67c40b816b48c1ef",0.000437037037037037,0.00163888888888889,0.266666666666667,78.6666666666667,0,0.984530809396171,0.23,"G1_G0"
"f6fae744fd0df8cf57216d09b74c0c54",0.000432222222222222,0.000930543413803754,0.46448367245483,77.8,0,0.985014814339243,0.98,"G1_G0"
"b1ada5450306be8190fe085fc59a5954",0.000423283950617284,0.00158592653409178,0.266900100047629,76.1333333333333,0.0666666666666667,0.9854888101541,0.27,"G1_G0"
"1120c96058d65a55df61529e403b6a47",0.000415925925925926,0.00081669619183212,0.509278640069163,74.8666666666667,0,0.985954566410372,0.76,"G1_G0"
"c7913edfda262b47b71f8cb7246a75f3",0.000405679012345679,0.000957662728970559,0.423613658622555,73,0.0666666666666667,0.986408848113581,0.55,"G1_G0"
"566c5e9da9c7d5cef504e472c2abbd60",0.000400740740740741,0.000851646171540223,0.470548396895851,72.1333333333333,0,0.986857599911699,0.91,"G1_G0"
"9d73bb75b2b0d4355dd3834662ef61b4",0.000377407407407407,0.00073428607242355,0.513978708818151,67.9333333333333,0,0.987280222908262,0.45,"G1_G0"
"e5d84d0b9dd8040fcdac521fada728a8",0.000367037037037037,0.000582803283370627,0.629778601991204,66.0666666666667,0,0.987691233104135,0.13,"G1_G0"
"01ed22048e8df4236768e3d7bea94c41",0.000359259259259259,0.000732147723345983,0.490692312225477,64.6,0.2,0.98809353369949,1,"G1_G0"
"fdb513a85a39fafe95360eec69cadc50",0.000320814814814815,0.000558814419996901,0.574099027037624,15.2,52.0666666666667,0.988452783983714,1,"G1_G0"
"029bdcfeee7f09ec337010a17c9945d9",0.000317407407407407,0.000551875959355897,0.57514266027797,57.1333333333333,0,0.988808218633424,0.39,"G1_G0"
"bed31d2068628f5ea4b04ff895c03c91",0.000311234567901235,0.000508258636969106,0.612354705386251,55.2,2.46666666666667,0.989156740901772,0.92,"G1_G0"
"3c636322344866b001a6bb30722d7242",0.000306074074074074,0.000959529607620961,0.318983459856907,54.0666666666667,1.4,0.989499484419299,0.95,"G1_G0"
"609ec913c0ebb5d9e633a384d60b8fc1",0.000284222222222222,0.000504059009451094,0.563866961790311,51.0666666666667,0.466666666666667,0.989817758106799,1,"G1_G0"
"59adeb7ec478fa7cb6a05ff40b9a34d2",0.000270740740740741,0.000566601984325836,0.477832320094816,48.7333333333333,0,0.990120935153402,0.85,"G1_G0"
"f0fe173a356d624ed9d087e5e114d9d8",0.000264074074074074,0.000435244880798181,0.606725284372782,47.5333333333333,0,0.990416646828132,0.94,"G1_G0"
"6c0daa89686e1183f155306637ce7ac4",0.000241851851851852,0.000776693369604767,0.31138652821888,43.5333333333333,0,0.990687473929954,0.6,"G1_G0"
"e26286d6540544a2832f60dfdf859586",0.000235555555555556,0.000846356082110165,0.278317318838497,42.4,0,0.990951250402784,0.51,"G1_G0"
"fef04cf977569f3ccadd9511eee52ad5",0.000233703703703704,0.000548161861466887,0.4263406853558,42.0666666666667,0,0.991212953161206,0.74,"G1_G0"
"2e57b76efd5a2048c37546212f61eed8",0.000218148148148148,0.000461077941530263,0.473126403367162,39.2666666666667,0,0.991457236718592,0.9,"G1_G0"
"f1182280951cffb95bcbd92043756d94",0.000216296296296296,0.000424764887244257,0.509214162450102,38.9333333333333,0,0.991699446561569,0.53,"G1_G0"
"dcfdd81870b4fa980f817c07e08e4925",0.000203555555555556,0.00037612592582954,0.541189908955669,34.7333333333333,4.06666666666667,0.991927389249411,0.9,"G1_G0"
"30688358cee6df00f97a09297ddf5434",0.000199259259259259,0.000613919188722903,0.324569198877406,35.8666666666667,0,0.992150520919824,0.76,"G1_G0"
"9e3c0d7bc15f6411f76c1e933b5e7be0",0.000191481481481481,0.000424216650208279,0.45137662886987,34.4666666666667,0,0.99236494298972,0.43,"G1_G0"
"4118c752bf241af040596d03c7a366ff",0.00018,0.0003307676557094,0.544188637833868,32.4,0,0.992566508030279,0.78,"G1_G0"
"cd96dc701c49df0b227c915d9ce9bc75",0.000167407407407407,0.000375346327436785,0.446007847074518,30.1333333333333,0,0.992753971812857,0.94,"G1_G0"
"a4252c85e0f176a7da5dc802d28b6fda",0.000154074074074074,0.000577777777777778,0.266666666666667,27.7333333333333,0,0.99292650485169,0.54,"G1_G0"
"bdf0ea93b3ca780772bb33c873610638",0.000150814814814815,0.000348590194148932,0.432642160755619,25,3.13333333333333,0.993095388153163,0.03,"G1_G0"
"fec95878e9323087b609f4cd86b3cc8b",0.000148691358024691,0.000306969697381874,0.484384482549486,26.2666666666667,1.06666666666667,0.993261893595446,0.56,"G1_G0"
"d915961fff71b0b410365e024d4db38d",0.000147037037037037,0.00048454481221461,0.303453949625433,26.4666666666667,0,0.993426546519525,0.54,"G1_G0"
"b35e61c24debef5636f49b6fed9ad82d",0.000141851851851852,0.000324962265479995,0.436517918910756,25.5333333333333,0,0.993585393043258,0.84,"G1_G0"
"202584e0410e749e15eaa0b3dc36620f",0.00014,0.000303107527587857,0.461882293436017,25.2,0,0.993742165852582,0.51,"G1_G0"
"ec3ee7dacd24bb66173f5d85c5d6e2e4",0.000138148148148148,0.000188937027012618,0.731186207026121,23.4,4,0.993896864947497,0.98,"G1_G0"
"f7228aa155bf10d455d8e02ad5f5980c",0.000135555555555556,0.000278514400281244,0.48670932425279,23.6,1.33333333333333,0.994048660842239,0.98,"G1_G0"
"b50f15e9131393d6ed0fb41d6e039af6",0.000135555555555556,0.000303193431020127,0.447092653358169,24.4,0,0.994200456736981,0.01,"G1_G0"
"8c9a21b986cababce8e7b9a0fe2defea",0.000131851851851852,0.000327973189665451,0.402020213866711,23.7333333333333,0,0.994348105202905,0.98,"G1_G0"
"30296c3ec9a0b374e24bbb6c45931eea",0.000122222222222222,0.000429466107587243,0.284591077300305,22,0,0.994484970353902,0.01,"G1_G0"
"ec7d2fab65ba478da5c32c9a7594642e",0.000116296296296296,0.000314730575408558,0.369510639839583,20.9333333333333,0,0.994615199618791,0.71,"G1_G0"
"d6861de89e8c6f692a58a6a6e2a0e3c1",0.000114691358024691,0.000396892129529994,0.288973626563245,1.66666666666667,19.2,0.994743631664524,0.49,"G1_G0"
"27fe959fc5676ff4d01c6c377a721dba",0.000114074074074074,0.000298009730349054,0.382786407478913,20.5333333333333,0,0.994871372472121,0.01,"G1_G0"
"860584d8b227992f389bc4f1f068c20e",0.000112962962962963,0.000254015915046679,0.444708210279676,20.3333333333333,0,0.994997869051073,0.69,"G1_G0"
"58b0b02468dbe1a3d123dcc7acedd4fb",0.000111851851851852,0.00024221396247021,0.461789447276841,20.1333333333333,0,0.99512312140138,0.51,"G1_G0"
"c52225a74d118e32d0834853b27159b5",0.000111481481481481,0.000295415719843857,0.377371527623531,20.0666666666667,0,0.995247959008804,0.95,"G1_G0"
"c2a6b8375554b9e6a5eb75880d6e4504",0.000109259259259259,0.000254706578079773,0.428961278043788,19.0666666666667,1,0.995370308158938,0.96,"G1_G0"
"a8703b4c215413b89a7475cdd6420ff0",0.000108543209876543,0.000232784670294003,0.46628160582677,16.0666666666667,4.73333333333333,0.995491855472834,0.06,"G1_G0"
"cf12592db84b8fe64eff91c601ee388a",0.000108148148148148,0.000217143730998195,0.498048677947083,19.4666666666667,0,0.995612960394322,0.54,"G1_G0"
"4e75934a4bf4dfd06f7ef1ec24c6c72c",0.000107407407407407,0.000271341606902967,0.395838325840743,19.3333333333333,0,0.995733235830047,0.54,"G1_G0"
"7588fbabbc6b11e0a6fca04227ad87c4",0.000107407407407407,0.000327640289297693,0.327821122480506,19.3333333333333,0,0.995853511265771,0.01,"G1_G0"
"7f9ee874b3f3cfa66c521ee9b16a71e0",0.000106666666666667,0.000235975684784521,0.452023973419415,19.2,0,0.995972957215733,0.91,"G1_G0"
"bbde64bb39e1bcd06e22178c3b164a75",0.000105802469135802,0.000308318933677135,0.343159169221169,16.7333333333333,2.93333333333333,0.996091435432303,0.95,"G1_G0"
"1991586b6583c5d8e5e5db978e7249c3",1e-04,0.000269202968214019,0.371466929445217,18,0,0.996203416010391,0.7,"G1_G0"
"4b92a12c127f465eb0ed54ded1e3e329",9.4962962962963e-05,0.000178065491390067,0.533303573991993,17,0.2,0.996309756085287,0.46,"G1_G0"
"13dc453cc5164973a2f36519c8329a69",9.37037037037037e-05,0.000351388888888889,0.266666666666667,16.8666666666667,0,0.996414686034385,0.01,"G1_G0"
"82080588026ce46c2e5cf3ff5e56fc66",9.33333333333333e-05,0.000309464089171543,0.301596652403816,16.8,0,0.996519201240601,0.57,"G1_G0"
"707719bd2799b834ba0e74112fa489a0",8.55555555555556e-05,0.000270671502322118,0.316086306912866,15.4,0,0.996615006846299,0.76,"G1_G0"
"8e9cbcdfe6b4966c401f2bd895f109a4",8.51851851851852e-05,0.000319444444444444,0.266666666666667,15.3333333333333,0,0.996710397709115,0.01,"G1_G0"
"aed55ba99c56a108bd2dd2770cdcadd5",8.37037037037037e-05,0.000206364372916381,0.405611213412407,15.0666666666667,0,0.996804129600404,0.57,"G1_G0"
"29bf965f923ca78447764713e8f2c56a",8.25925925925926e-05,0.000211160055938584,0.39113738735045,14.8666666666667,0,0.996896617263048,0.79,"G1_G0"
"dab2e128ae196cc61b441897b5b0b17c",8.25432098765432e-05,0.000308151278140265,0.267865868915757,14.8,0.0666666666666667,0.99698904962664,0.07,"G1_G0"
"317c006ea69cfd1f8362967a2bc37fc4",8.14814814814815e-05,0.000305555555555556,0.266666666666667,14.6666666666667,0,0.997080293060638,0.01,"G1_G0"
"4c65fe994172a674fb753d63c6f93f9a",8.11111111111111e-05,0.000189765850569401,0.427427331459974,14.6,0,0.997171121751754,0.74,"G1_G0"
"83ed7de6a0f63ad7ef724503e04498c0",7.92592592592593e-05,0.000186499387679794,0.424984018689335,14.2666666666667,0,0.997259876728462,0.73,"G1_G0"
"1f6eef91cea08599638ee46a4c7e7c99",7.66666666666667e-05,0.000179263539702491,0.4276757381557,13.8,0,0.997345728504996,0.46,"G1_G0"
"850dd59997cd860e8fe18e3268e86e70",7.03703703703704e-05,0.000234450862208104,0.300149761479264,12.6666666666667,0,0.99742452965254,0.51,"G1_G0"
"88a077c9e28abbb58af146d986d1af12",7e-05,0.000238368642628094,0.293662787303845,12.6,0,0.997502916057202,0.01,"G1_G0"
"078cdbc288edeac9b14375fd53e917e0",6.96296296296296e-05,0.000170514446211584,0.408350325597805,12.5333333333333,0,0.997580887718982,0.01,"G1_G0"
"ad953ff4d9c0f21e967986d390bd2a11",6.96296296296296e-05,0.000134107170744707,0.519208847990539,12.5333333333333,0,0.997658859380762,0.01,"G1_G0"
"3fbe30c40b6233edc057fe6d61dc7d7d",6.77777777777778e-05,0.00018479307031374,0.36677662026344,12.2,0,0.997734757328133,0.84,"G1_G0"
"c7f49d329f25df14c44c5de7bfb32112",6.62962962962963e-05,0.000133359165817666,0.497125907243145,11.9333333333333,0,0.997808996303977,0.77,"G1_G0"
"b1027ab906ae1c9f582c251f422ba320",6.59259259259259e-05,0.000198881489841975,0.331483467759159,11.8666666666667,0,0.997882820536939,0.51,"G1_G0"
"9e5949b0b1b6380b202751c036548568",6.40740740740741e-05,0.000165682444448979,0.386728203384308,11.5333333333333,0,0.997954571055492,0.88,"G1_G0"
"9104a5eda258f5144a21611e01ac30c5",6.18518518518518e-05,0.000124284770364759,0.497662357747656,11.1333333333333,0,0.998023833116755,0.01,"G1_G0"
"eb6cbd27c7d568fe500ff82ee43b962f",6.03703703703704e-05,0.000159776560805132,0.37784246992273,10.8666666666667,0,0.998091436206489,0.09,"G1_G0"
"d318864ec594447d73618719d2eb4c4c",6e-05,0.000225,0.266666666666667,10.8,0,0.998158624553343,0.01,"G1_G0"
"bf92f0a438a965108ff1b10269453401",5.96296296296296e-05,0.000223611111111111,0.266666666666667,10.7333333333333,0,0.998225398157314,0.01,"G1_G0"
"2ed42e281d82ea47653ea7a041553191",5.51851851851852e-05,0.00017323928436491,0.318548909893574,9.93333333333333,0,0.998287194846704,0.01,"G1_G0"
"2f17938c3dd36d203bc84e2d9478506b",5.33333333333333e-05,0.000136746371453944,0.390016442602982,9.6,0,0.998346917821684,0.52,"G1_G0"
"98178a0328a8d69c28edd1a61f9e14d8",5.03703703703704e-05,0.000165277777777778,0.304761904761905,9.06666666666667,0,0.99840332285361,0.01,"G1_G0"
"e73096ccb9c6b2d19edd28aba6202d7c",4.88888888888889e-05,0.000136449813438134,0.358292090381311,8.8,0,0.998458068914009,0.54,"G1_G0"
"112b8e495108a34b906472ab88df2e8c",4.63950617283951e-05,0.000123359641560685,0.376095951167072,5,3.86666666666667,0.998510022372337,0.66,"G1_G0"
"1fec1ed0027d30ef5f80f65c663bafc5",4.62962962962963e-05,0.000164892173896597,0.280767092835639,8.33333333333333,0,0.998561865232563,0.86,"G1_G0"
"aa0fccbbfb498555916e03c270754a34",4.48148148148148e-05,9.94459408418052e-05,0.450644987974969,8.06666666666667,0,0.998612049121262,0.01,"G1_G0"
"02c588455cf584b99ce7da25edbe2e5b",4.44444444444444e-05,0.000127957732149844,0.347336918978824,8,0,0.998661818267079,0.44,"G1_G0"
"bea115d6c60b0df4f91b6fff8b7901ce",4.2962962962963e-05,0.000161111111111111,0.266666666666667,7.73333333333333,0,0.998709928441369,0.01,"G1_G0"
"132f268a71872efe8a4c6aea3cb82fe9",4.17283950617284e-05,0.000142920755482325,0.291968755139199,6.93333333333333,0.666666666666667,0.998756656139386,0.08,"G1_G0"
"c927be1b570578a424ca689761f94627",4.03703703703704e-05,0.000151388888888889,0.266666666666667,7.26666666666667,0,0.998801863113503,0.01,"G1_G0"
"b37560fba4127cf6dde95d8884e33f3c",3.77777777777778e-05,0.000100638668186694,0.375380342948264,6.8,0,0.998844166887448,0.01,"G1_G0"
"1c0b7d810b0b28e6490830cc204d61a8",3.74074074074074e-05,0.000140277777777778,0.266666666666667,6.73333333333333,0,0.998886055918511,0.01,"G1_G0"
"d71eb8ea50f2ef8487a0dc1559746e8f",3.37037037037037e-05,0.000126388888888889,0.266666666666667,6.06666666666667,0,0.998923797520756,0.01,"G1_G0"
"a165bf51d50346e911f950396eded741",2.81481481481481e-05,8.69138213731223e-05,0.3238627378643,5.06666666666667,0,0.998955317979773,0.56,"G1_G0"
"60c6622e553962a5dcb78fbe549ab7fa",2.59259259259259e-05,7.29284759900361e-05,0.355497980370083,4.66666666666667,0,0.9989843499815,0.01,"G1_G0"
"5a44d3b6635b35994d21f4c9c87ed91e",2.33333333333333e-05,8.75e-05,0.266666666666667,4.2,0,0.999010478783054,0.43,"G1_G0"
"9b014499e32815d4eea28f430878b671",2.2962962962963e-05,6.80980592896181e-05,0.337204366798508,4.13333333333333,0,0.999036192841726,0.01,"G1_G0"
"426a4453ab2973d926b156da5710819a",2.25925925925926e-05,6.57698441429586e-05,0.343509900122082,4.06666666666667,0,0.999061492157516,0.79,"G1_G0"
"3206015154602ad2f550885ff96e466e",2.25432098765432e-05,6.61586223095561e-05,0.34074485062678,3.13333333333333,1.06666666666667,0.999086736174256,0.85,"G1_G0"
"68bcda32be34ff9e7cc262f6fe275be6",2.07407407407407e-05,7.77777777777778e-05,0.266666666666667,3.73333333333333,0,0.999109961775637,0.77,"G1_G0"
"3f98d23eb2352e0000bc95ca0f2e54ff",2.03703703703704e-05,7.63888888888889e-05,0.266666666666667,3.66666666666667,0,0.999132772634137,0.01,"G1_G0"
"a2794d9a683656c92fe04e0f5fe1e449",2e-05,5.42810148341809e-05,0.368452949177471,3.6,0,0.999155168749754,0.46,"G1_G0"
"0343e81e103065e65dcaa2637ec66d2b",2e-05,7.5e-05,0.266666666666667,3.6,0,0.999177564865372,0.01,"G1_G0"
"3feda796315faa84c5366c52d7dc744b",2e-05,7.5e-05,0.266666666666667,3.6,0,0.99919996098099,0.01,"G1_G0"
"35f2f16241413259e916d3ad617b8418",1.96296296296296e-05,7.36111111111111e-05,0.266666666666667,3.53333333333333,0,0.999221942353726,0.01,"G1_G0"
"56608e86a31ec3abf3104bac70d18145",1.92592592592593e-05,7.22222222222222e-05,0.266666666666667,3.46666666666667,0,0.99924350898358,0.87,"G1_G0"
"e014f641a0b6637a8f4d8d284864cf41",1.88888888888889e-05,7.08333333333333e-05,0.266666666666667,3.4,0,0.999264660870552,0.01,"G1_G0"
"61cafc87e9a8ec02baa9509c03357719",1.88888888888889e-05,7.08333333333333e-05,0.266666666666667,3.4,0,0.999285812757524,0.57,"G1_G0"
"a0481ee991e274f24b9a0cfb805bdbbe",1.85185185185185e-05,6.94444444444444e-05,0.266666666666667,3.33333333333333,0,0.999306549901615,0.01,"G1_G0"
"5031d3b48403eb538f2d9db5530d6b66",1.85185185185185e-05,6.94444444444444e-05,0.266666666666667,3.33333333333333,0,0.999327287045705,0.01,"G1_G0"
"db6059a25d4ae6b88b9cdaaee1755364",1.77777777777778e-05,6.66666666666667e-05,0.266666666666667,0,3.2,0.999347194704032,0.01,"G1_G0"
"5ac7ed6d0ed5ddd5769ba5ec553468bb",1.77777777777778e-05,4.70351101550915e-05,0.377968239452573,3.2,0,0.999367102362359,0.01,"G1_G0"
"8078b05f1696ab50d1a08b8ff5d026d1",1.74074074074074e-05,6.52777777777778e-05,0.266666666666667,3.13333333333333,0,0.999386595277804,0.01,"G1_G0"
"73a9c88945a6856ecee1788f675c8c9f",1.7037037037037e-05,6.38888888888889e-05,0.266666666666667,3.06666666666667,0,0.999405673450367,0.01,"G1_G0"
"8e9d54743a37f15f6bb1e791952e3987",1.66666666666667e-05,6.25e-05,0.266666666666667,3,0,0.999424336880049,0.01,"G1_G0"
"07504cf84550d0b2f34a55b8f680cf7e",1.62962962962963e-05,6.11111111111111e-05,0.266666666666667,2.93333333333333,0,0.999442585566848,0.01,"G1_G0"
"89ab06a3f840f6f974b9fa289af4974a",1.59259259259259e-05,4.27858938909705e-05,0.372223751279085,2.86666666666667,0,0.999460419510766,0.01,"G1_G0"
"8ddf8ae3826f084467066355b1b1c18a",1.59259259259259e-05,5.97222222222222e-05,0.266666666666667,2.86666666666667,0,0.999478253454684,0.54,"G1_G0"
"40d5327bed1fddfb379c33d12322d361",1.59259259259259e-05,5.97222222222222e-05,0.266666666666667,2.86666666666667,0,0.999496087398602,0.54,"G1_G0"
"e3e3014e2d09d44133f5a2cb53364b07",1.59259259259259e-05,4.5953426119649e-05,0.346566671317598,2.86666666666667,0,0.999513921342519,0.74,"G1_G0"
"027bf31d5dffac4119349d436f1cab76",1.55555555555556e-05,5.83333333333333e-05,0.266666666666667,2.8,0,0.999531340543555,0.01,"G1_G0"
"51f15bf76a4dcfa2c7abed002ebe70bc",1.51851851851852e-05,5.69444444444444e-05,0.266666666666667,2.73333333333333,0,0.99954834500171,0.01,"G1_G0"
"1f9077ccef6468636305a51b2aed42ba",1.51851851851852e-05,5.69444444444444e-05,0.266666666666667,2.73333333333333,0,0.999565349459864,0.01,"G1_G0"
"cdfc4f0ac2f21b78873017c5a368b99b",1.48148148148148e-05,5.55555555555556e-05,0.266666666666667,2.66666666666667,0,0.999581939175136,0.01,"G1_G0"
"076c61006330e0bfe32b4ca22c3778ce",1.44444444444444e-05,5.41666666666667e-05,0.266666666666667,2.6,0,0.999598114147527,0.01,"G1_G0"
"dd9b21267e54cffd2e68a96e49c57045",1.40740740740741e-05,5.27777777777778e-05,0.266666666666667,2.53333333333333,0,0.999613874377035,0.01,"G1_G0"
"bc2d8c4af67fdd3f95764063f23a4ac3",1.40740740740741e-05,5.27777777777778e-05,0.266666666666667,2.53333333333333,0,0.999629634606544,0.01,"G1_G0"
"b43f947a248adca972f00fa6ed458dcb",1.37037037037037e-05,5.13888888888889e-05,0.266666666666667,2.46666666666667,0,0.999644980093171,0.01,"G1_G0"
"adf021246bf5a52687193edea42671ef",1.33333333333333e-05,5e-05,0.266666666666667,2.4,0,0.999659910836916,0.46,"G1_G0"
"02bc1896cf439ea5a251b96edbc44d88",1.33333333333333e-05,5e-05,0.266666666666667,2.4,0,0.999674841580661,0.01,"G1_G0"
"2bc13c74b7a9fd18f2b809c25ca134ce",1.33333333333333e-05,5e-05,0.266666666666667,2.4,0,0.999689772324406,0.01,"G1_G0"
"f15f07245f54c66679495fae9d732863",1.25925925925926e-05,4.72222222222222e-05,0.266666666666667,2.26666666666667,0,0.999703873582388,0.01,"G1_G0"
"f7f640f0a3598e296a8b9c160258f919",1.25925925925926e-05,4.72222222222222e-05,0.266666666666667,2.26666666666667,0,0.99971797484037,0.48,"G1_G0"
"d26c7eda8a0051d840633afa3d3d528d",1.22222222222222e-05,4.58333333333333e-05,0.266666666666667,2.2,0,0.999731661355469,0.01,"G1_G0"
"9e05df9739667289c16f6685650413f6",1.22222222222222e-05,4.58333333333333e-05,0.266666666666667,2.2,0,0.999745347870569,0.01,"G1_G0"
"38fe7cdad46ee97cd12b232f8cd2aca7",1.14814814814815e-05,4.30555555555556e-05,0.266666666666667,2.06666666666667,0,0.999758204899905,0.54,"G1_G0"
"890a2c4a189eef22063b3d686c541a71",1.07407407407407e-05,4.02777777777778e-05,0.266666666666667,1.93333333333333,0,0.999770232443478,0.01,"G1_G0"
"30be3f21e278e5b6e83bba62d455fa91",1.07407407407407e-05,4.02777777777778e-05,0.266666666666667,1.93333333333333,0,0.99978225998705,0.56,"G1_G0"
"173ca1552c607c680889b30f43d7f026",9.25925925925926e-06,3.47222222222222e-05,0.266666666666667,1.66666666666667,0,0.999792628559095,0.01,"G1_G0"
"705158eef551ec080dd66226b645c0fe",9.25925925925926e-06,3.47222222222222e-05,0.266666666666667,1.66666666666667,0,0.999802997131141,0.44,"G1_G0"
"972ea83ac654db049e792d82c2463795",8.88888888888889e-06,3.33333333333333e-05,0.266666666666667,1.6,0,0.999812950960304,0.01,"G1_G0"
"799c62de1cb7a2e0b684a84f71727fe5",8.88888888888889e-06,3.33333333333333e-05,0.266666666666667,1.6,0,0.999822904789467,0.01,"G1_G0"
"514fc8efcc6a30607411c0c1aba9462b",8.51851851851852e-06,3.19444444444444e-05,0.266666666666667,1.53333333333333,0,0.999832443875749,0.54,"G1_G0"
"f097d2fe71a217b7141c07a95c81156c",8.51851851851852e-06,3.19444444444444e-05,0.266666666666667,1.53333333333333,0,0.999841982962031,0.01,"G1_G0"
"7fc609ab114eea9bd59352810ca76b81",8.51851851851852e-06,3.19444444444444e-05,0.266666666666667,1.53333333333333,0,0.999851522048312,0.01,"G1_G0"
"5ecb86f928e969dfb9be100707b8401b",8.14814814814815e-06,3.05555555555556e-05,0.266666666666667,1.46666666666667,0,0.999860646391712,0.01,"G1_G0"
"4a60afc8d30211637a46548f1397a6a3",7.40740740740741e-06,2.77777777777778e-05,0.266666666666667,1.33333333333333,0,0.999868941249348,0.01,"G1_G0"
"5ca129736d688e118ec61cd434564e52",7.40740740740741e-06,2.77777777777778e-05,0.266666666666667,1.33333333333333,0,0.999877236106984,0.01,"G1_G0"
"513ceaf783e8c8bf475e73597ea86e84",7.03703703703704e-06,2.63888888888889e-05,0.266666666666667,1.26666666666667,0,0.999885116221739,0.01,"G1_G0"
"a31a10ce6c2ec7680bb90c065d9e5bf8",7.03703703703704e-06,2.63888888888889e-05,0.266666666666667,1.26666666666667,0,0.999892996336493,0.01,"G1_G0"
"2baed607df0180fb011d8d4d05fb8819",7.03703703703704e-06,2.63888888888889e-05,0.266666666666667,1.26666666666667,0,0.999900876451247,0.01,"G1_G0"
"f9282cf29faf2398e93e8d9cff5c232d",7.03703703703704e-06,2.63888888888889e-05,0.266666666666667,1.26666666666667,0,0.999908756566002,0.01,"G1_G0"
"5573912ea4b8e8d161307c8fd9b4bf4f",7.03703703703704e-06,2.63888888888889e-05,0.266666666666667,1.26666666666667,0,0.999916636680756,0.01,"G1_G0"
"062a74c18b8837d87c59a6f1c09714bb",7.03703703703704e-06,2.63888888888889e-05,0.266666666666667,1.26666666666667,0,0.999924516795511,0.01,"G1_G0"
"f6eaae49255d7f406d993b58cb0d0110",6.66666666666667e-06,2.5e-05,0.266666666666667,1.2,0,0.999931982167383,0.01,"G1_G0"
"47880c5414c7736dbd571762504cf790",6.2962962962963e-06,2.36111111111111e-05,0.266666666666667,1.13333333333333,0,0.999939032796374,0.01,"G1_G0"
"b212c07c7a19c7ac62501eb81de4309f",5.92592592592593e-06,2.22222222222222e-05,0.266666666666667,1.06666666666667,0,0.999945668682483,0.56,"G1_G0"
"8623e5254d0b3aa394bee4c45caf09b8",5.92592592592593e-06,2.22222222222222e-05,0.266666666666667,1.06666666666667,0,0.999952304568592,0.01,"G1_G0"
"24ff1c1972e97418aad5ca65adbe81db",4.81481481481481e-06,1.80555555555556e-05,0.266666666666667,0.866666666666667,0,0.999957696226055,0.01,"G1_G0"
"a4a5ac8564fbf1db869ad667f4315eff",4.07407407407407e-06,1.52777777777778e-05,0.266666666666667,0.733333333333333,0,0.999962258397755,0.53,"G1_G0"
"568a6c846373e750ffea73ecc60e0ce2",4.07407407407407e-06,1.52777777777778e-05,0.266666666666667,0.733333333333333,0,0.999966820569455,0.01,"G1_G0"
"96f24210730503524690942a9f92209d",3.33333333333333e-06,1.25e-05,0.266666666666667,0.6,0,0.999970553255392,0.01,"G1_G0"
"958194b71dba50f260d4b31057cc2ca1",2.96296296296296e-06,1.11111111111111e-05,0.266666666666667,0,0.533333333333333,0.999973871198446,0.24,"G1_G0"
"8b12eed8391d6efd6c1de53ed3effc17",2.96296296296296e-06,1.11111111111111e-05,0.266666666666667,0.533333333333333,0,0.9999771891415,0.01,"G1_G0"
"b43ce90dec6cb8ae947431e0b474a9a2",2.96296296296296e-06,1.11111111111111e-05,0.266666666666667,0.533333333333333,0,0.999980507084555,0.01,"G1_G0"
"41a748491bbb6a2abeeddbe6ba353232",2.96296296296296e-06,1.11111111111111e-05,0.266666666666667,0.533333333333333,0,0.999983825027609,0.56,"G1_G0"
"ae433a296aec19de408365cd099aa014",2.59259259259259e-06,9.72222222222222e-06,0.266666666666667,0.466666666666667,0,0.999986728227782,0.01,"G1_G0"
"eabcda47bfc6fe69e343575506556994",2.59259259259259e-06,9.72222222222222e-06,0.266666666666667,0.466666666666667,0,0.999989631427955,0.01,"G1_G0"
"a063c1fd8d50459e48db5f05822decf9",2.22222222222222e-06,5.67820953224372e-06,0.391359672376183,0,0.4,0.999992119885246,0.01,"G1_G0"
"7c3e00a2d5669e7cabe93dd93966e631",1.85185185185185e-06,6.94444444444444e-06,0.266666666666667,0,0.333333333333333,0.999994193599655,0.01,"G1_G0"
"2ff230d0d0aadceb0c1c35269abda239",1.85185185185185e-06,6.94444444444444e-06,0.266666666666667,0,0.333333333333333,0.999996267314064,0.01,"G1_G0"
"f5b3f90bede327e1f2882eb30428f15c",1.85185185185185e-06,6.94444444444444e-06,0.266666666666667,0.333333333333333,0,0.999998341028473,0.01,"G1_G0"
"ba02393d479f25f873c620ca971724ab",7.40740740740741e-07,2.77777777777778e-06,0.266666666666667,0,0.133333333333333,0.999999170514236,0.01,"G1_G0"
"2746217519099fbc4088bc7b63a2a8c5",7.40740740740741e-07,2.77777777777778e-06,0.266666666666667,0,0.133333333333333,1,0.01,"G1_G0"
"dfbeb16dc2a296d2c4e5c21e28455dd2",0,0,NA,0,0,1,NA,"G1_G0"
"a6577b0941775769269b8dd91a1d44ec",0,0,NA,0,0,1,NA,"G1_G0"
"6d04abd9e6bdf4989949634a5735a002",0,0,NA,0,0,1,NA,"G1_G0"
"028fdac2f188769b60fd4cf260372fcb",0,0,NA,0,0,1,NA,"G1_G0"
"bf9be3c104ea0c19d3f4b41dd1862a89",0,0,NA,0,0,1,NA,"G1_G0"
"050d101aa8c55d897943814d09a3a7a7",0,0,NA,0,0,1,NA,"G1_G0"
"21d86b5d037137872916eda48e650a62",0,0,NA,0,0,1,NA,"G1_G0"
"8745a29941fca9db8eff9653b35baf42",0,0,NA,0,0,1,NA,"G1_G0"
"0c1588fa28cc4e51970a81953867347f",0,0,NA,0,0,1,NA,"G1_G0"
"b0cbcd44ec19c09d0553954e1ea04a70",0,0,NA,0,0,1,NA,"G1_G0"
"fdaa0076de7e870bf7067cee4efa1ad0",0,0,NA,0,0,1,NA,"G1_G0"
"990d16ab4495e7a080cc7ea6d3b6602e",0,0,NA,0,0,1,NA,"G1_G0"
"61c080a2b30136df6c80642b1926c78e",0,0,NA,0,0,1,NA,"G1_G0"
"b2f917933d93ce136305d2932a9ed386",0,0,NA,0,0,1,NA,"G1_G0"
"f678158684fc17d8c7b44b7e124491e5",0,0,NA,0,0,1,NA,"G1_G0"
"fa5a3856d765788bbb43e6c6e8f7ee9d",0,0,NA,0,0,1,NA,"G1_G0"
"a0b7d7ad0d2e67087cc5d0a04dab7b41",0,0,NA,0,0,1,NA,"G1_G0"
"ae16f3705ee4d4b892616eb6d9a1c133",0,0,NA,0,0,1,NA,"G1_G0"
"51202c1296df14199a504c3624320f17",0,0,NA,0,0,1,NA,"G1_G0"
"68733d76fa8687dccbdd9d9e8f387018",0,0,NA,0,0,1,NA,"G1_G0"
"210bc7b4072ff6d3d85b96ca74593645",0,0,NA,0,0,1,NA,"G1_G0"
"c4d6b95f55599a9777faa913ffa99aad",0,0,NA,0,0,1,NA,"G1_G0"
"bb4e56f75b6a7bb46a5af5792a0f003c",0,0,NA,0,0,1,NA,"G1_G0"
"d8ec63d34841f558e0adca3e1f9c4f62",0,0,NA,0,0,1,NA,"G1_G0"
"f36c161e4341ca7c0fd5d7615f7367061",0.0349797916666667,0.0548114521083708,0.638183998437154,7224.2,3689.3125,0.0678140229946956,0.13,"G1_G2"
"5f92ec0b039c9127715e033a44803b161",0.0327942592592593,0.0252207297407119,1.30028986458397,11227.4666666667,12872.25,0.131391035479325,1,"G1_G2"
"cba990f8b3d42525af59136619c453531",0.0293770138888889,0.0196810255967392,1.49265665777886,5813.13333333333,8917.8125,0.188343161277004,0.94,"G1_G2"
"1a2518325e43623283d3ad6996e6a6dc1",0.0289580324074074,0.0206481471466542,1.40245186174488,7607.33333333333,9172.5625,0.244483023237028,1,"G1_G2"
"1342e1df4714070ba6c899351d5fbe981",0.0271817361111111,0.020581162700829,1.32070945195027,4138.93333333333,6190.0625,0.297179245537037,0.41,"G1_G2"
"0fdeaf3282ab2f5a5a768cd83c4355d41",0.0201171990740741,0.0214424978123575,0.938192893855882,3864.6,1405.3125,0.33617971225217,0.01,"G1_G2"
"ad4cd5d588129069899b6d0c45e641021",0.0188426157407407,0.015660623849015,1.20318423597958,4214.33333333333,5905.5625,0.372709191595537,0.73,"G1_G2"
"58c0a8cf76f6b0cb40a42ccf770f67b01",0.0174193981481481,0.0210714955689085,0.826680673480573,2908.26666666667,1455.625,0.40647953184882,0.08,"G1_G2"
"cdecb1c00aad4c9ee55bdae8d8c154d71",0.0158798611111111,0.0183296651524153,0.866347583497377,3821.93333333333,2021.5,0.437265228825045,0.95,"G1_G2"
"dc37dab042e0f652bba8cacb048bbc871",0.0153084490740741,0.0175821706441241,0.870680269457522,2423,2084.4375,0.466943150506655,0.4,"G1_G2"
"c3c6b35a7e7fd0a56aab3c29bd47737b1",0.0140235416666667,0.017890184770548,0.783867905587713,2237.46666666667,1593.8125,0.494130069917517,0.08,"G1_G2"
"1355ee0e4102eda4798184a58389797f1",0.013761875,0.0126914415850405,1.08434293360505,3188.66666666667,3473.6875,0.520809705879713,1,"G1_G2"
"e17563b3df444656591db2ee65e212f11",0.011506875,0.00879607110982935,1.30818348968796,1823.33333333333,2884.3125,0.543117657090031,0.68,"G1_G2"
"aa935103e3f612d4a45a649b5acab4e01",0.0114685416666667,0.00718198363605875,1.59684876042968,1624.46666666667,2341.5625,0.565351292890672,0.72,"G1_G2"
"a2623a81506363cd410718d6f0a784c51",0.0111887037037037,0.0174530526237491,0.641074312036322,2262.93333333333,1220.25,0.587042417225378,0.1,"G1_G2"
"0cb1a8f2800668e33b9ea3ba43e1fec61",0.0111437037037037,0.00890649354810006,1.25118865730059,1932.26666666667,2223,0.608646301731334,0.26,"G1_G2"
"341476ed2ddccd9b810f20810c2169b11",0.0109361111111111,0.0175613914350715,0.622736025874967,1582.93333333333,1346.75,0.629847734187781,0.07,"G1_G2"
"f1170c4937094648423f1d76f7e2d8df1",0.0107617824074074,0.0126442055042742,0.851123655319387,1669.06666666667,1494.0625,0.650711202060727,0.62,"G1_G2"
"a6684ce7c07660834ac05d6a898e43d51",0.00884976851851852,0.00805550715437241,1.09859855486752,1445.46666666667,1482.5,0.667867919617294,0.38,"G1_G2"
"fc327e4ececc2f4066a4fc1054bbdcab1",0.00809391203703704,0.0139984672439336,0.578199876886138,1242.06666666667,808.0625,0.683559286284858,0.06,"G1_G2"
"840e9b2c8fd818543742cadaaabbacd81",0.00801976851851852,0.0137229947588724,0.58440367131478,1154.4,919.625,0.699106913666676,0.29,"G1_G2"
"9f872c9b2b6199958b38261da0c19fe11",0.00716701388888889,0.0212920148879419,0.336605714706114,1169,223.8125,0.713001337318362,0.31,"G1_G2"
"3b09c48d62fb18cfddc9cf9353cc5c0d1",0.00642425925925926,0.00639888627915686,1.00396521816383,967.066666666667,921.75,0.725455810154644,0.18,"G1_G2"
"f65f1bdf4c9a0c2a098c5550d734cc521",0.00629430555555556,0.0153214993001344,0.410815249360116,1032.53333333333,361.5,0.737658346571888,0.11,"G1_G2"
"27ca29a04c426a28399fb0ed50f163721",0.0061819212962963,0.00627506972171432,0.985155794349871,1106.66666666667,535.6875,0.749643007799528,0.12,"G1_G2"
"6784ec90ade80686afc929fe409b8ac21",0.00568539351851852,0.00820932125527857,0.692553420888825,763.2,529.1875,0.760665069064864,0.03,"G1_G2"
"5f9c632fdbb71b06c495aed0fa3795ea1",0.00562453703703704,0.00762930022710702,0.73722843112832,400.933333333333,905.25,0.771569150129693,0.05,"G1_G2"
"7e51b4b16965ac6a7d65eea594ecfeba1",0.00522092592592593,0.0139590440025462,0.374017441665318,743.733333333333,255.5,0.781690765323066,0.03,"G1_G2"
"4888905151d87b45c37d8bfbc7c7baaa1",0.0050437037037037,0.00403353474870407,1.25044260628328,636.2,917.5,0.791468806376047,0.68,"G1_G2"
"e1a2c54f302520b1bca56089503d77e01",0.00488446759259259,0.00893168833049844,0.546869462060597,647.2,410.1875,0.800938142294264,0.03,"G1_G2"
"6b5cefcaf2c763625299668325ee6e9f1",0.00471826388888889,0.00412695495662624,1.14327971554747,384.466666666667,876.4375,0.810085265264726,0.16,"G1_G2"
"e48f184a1738f2ab51d3dd37db99ee471",0.00390759259259259,0.0123725593522735,0.315827346738455,644.066666666667,80,0.817660769900464,0.03,"G1_G2"
"0aa415e2ba6a661bead2121028d9370a1",0.0038131712962963,0.00508202647860795,0.750324956461223,317.6,612.8125,0.825053223475771,0.55,"G1_G2"
"e8820a8b0ccb14b286019c21e8bfcf001",0.00362173611111111,0.0109535355717258,0.330645396401491,546.466666666667,126.4375,0.832074548767244,0.03,"G1_G2"
"efc1ec27585ebab02453b0b3ad210d4a1",0.00338025462962963,0.00905252666226395,0.373404548336813,493.466666666667,157.8125,0.838627722878914,0.02,"G1_G2"
"4afd12be8b23a2d2b1932744ec60fdcd1",0.00325701388888889,0.00391723649808422,0.831457046436123,196.533333333333,512.5625,0.844941974743531,0.54,"G1_G2"
"7b4332d9b4fef3874246194bff33039e1",0.00319759259259259,0.00753046407706994,0.424620921083626,570.066666666667,12.75,0.851141028747857,0.1,"G1_G2"
"0f79094cae6cd434ba058b9fdd88d61d1",0.003079375,0.00521546984698331,0.590430985193242,348.866666666667,289.0625,0.85711089869589,0.02,"G1_G2"
"7f8923e6de6b6a07954cfbfc8ffa0e9b1",0.00290803240740741,0.00409310857398365,0.710470380847274,140.333333333333,485.0625,0.862748593123132,0.02,"G1_G2"
"9389cc5e24fcb8fd40794cda2f4a20f01",0.00290027777777778,0.00819382338063602,0.353959030241222,473.333333333333,66.75,0.868371253937909,0.5,"G1_G2"
"14569551c45f41dc37a8a789b6c34e931",0.0025419212962963,0.00465185434948982,0.546431832410031,260.6,247.5625,0.873299182350988,0.01,"G1_G2"
"fd4b547fa11d2644e71220f8141dbed21",0.00228335648148148,0.00464687612203701,0.491374510857532,302.533333333333,163.3125,0.877725840760387,0.4,"G1_G2"
"cd96dc701c49df0b227c915d9ce9bc751",0.00220914351851852,0.00481042113192596,0.45924118864704,30.1333333333333,378.8125,0.882008625254674,0.1,"G1_G2"
"a921f7d48c056d2365fce6b17bdfbb711",0.00188009259259259,0.00322177605427802,0.583557814360225,206.333333333333,159.125,0.885653490939444,0.23,"G1_G2"
"7728dcc32fd62163bbcd131499f3644d1",0.00184349537037037,0.00245632231044988,0.750510371756844,129.733333333333,274.3125,0.88922740694867,0.22,"G1_G2"
"835c646a619cfb59f032918f6d6724b11",0.00183798611111111,0.00266708167056101,0.689137543630036,92.0666666666667,291.0625,0.892790642361578,0.14,"G1_G2"
"3c636322344866b001a6bb30722d72421",0.00176641203703704,0.00495560059248862,0.356447620035087,54.0666666666667,278.6875,0.896215119775259,0.41,"G1_G2"
"8f09d0e9a896102f0926d8ddf73e7eb71",0.00176351851851852,0.00652194873065389,0.270397482615861,317.066666666667,0.5,0.899633987632049,0.39,"G1_G2"
"609ec913c0ebb5d9e633a384d60b8fc11",0.00174490740740741,0.00201584861392025,0.865594467440718,51.0666666666667,310.625,0.903016774818923,0.03,"G1_G2"
"9b1614e795daf36d080a0409abbb79751",0.00167275462962963,0.00174880567732656,0.956512579594783,201.266666666667,200.4375,0.906259682095192,0.53,"G1_G2"
"01ed22048e8df4236768e3d7bea94c411",0.00161011574074074,0.00201273995491751,0.799962129636725,64.6,271.6875,0.909381153683908,0.01,"G1_G2"
"7d952f43664b4082d9801903c36533201",0.00145840277777778,0.00305659637322698,0.477132928165481,103.933333333333,184.5625,0.912208504985774,0.02,"G1_G2"
"04e58144a1e0bf97a313b3b84b6023761",0.00140074074074074,0.00525204512169251,0.266703866452949,252.133333333333,0,0.914924069037939,0.01,"G1_G2"
"0dcefd65571849dd41395e1d88748cee1",0.00136875,0.00244628624059789,0.559521603516629,81.2,195.625,0.917577613829128,0.01,"G1_G2"
"98efba6e4e3e6a0f52c2727c91619f721",0.00123618055555556,0.00253686426497201,0.487286833838228,159,86.1875,0.919974151161851,0.02,"G1_G2"
"c2a6b8375554b9e6a5eb75880d6e45041",0.00119050925925926,0.00234063251365793,0.508627156254759,19.0666666666667,202.375,0.922282147248624,0.21,"G1_G2"
"f6fae744fd0df8cf57216d09b74c0c541",0.00118921296296296,0.00134570442394629,0.883710376365997,77.8,186,0.924587630253911,0.48,"G1_G2"
"8ba690413c85a2d1ca07752c7530803c1",0.00111592592592593,0.00158465810040434,0.704206115906761,99.7333333333333,151,0.92675103440229,0.23,"G1_G2"
"566c5e9da9c7d5cef504e472c2abbd601",0.000989537037037037,0.00148395010019107,0.666826355488386,72.1333333333333,137.25,0.92866941310572,0.3,"G1_G2"
"7f9ee874b3f3cfa66c521ee9b16a71e01",0.000984027777777778,0.00187612136517843,0.52450113091921,19.2,165.125,0.930577111212831,0.02,"G1_G2"
"29bf965f923ca78447764713e8f2c56a1",0.000924097222222222,0.00226572999758037,0.407858492940063,14.8666666666667,155.1875,0.932368624177639,0.05,"G1_G2"
"076a3cdae4e19b9ebd3b1e867d50d50d1",0.000922222222222222,0.00345785096589486,0.266703866452949,166,0,0.934156502149582,0.01,"G1_G2"
"b35e61c24debef5636f49b6fed9ad82d1",0.000919236111111111,0.00249875364516734,0.367877846977409,25.5333333333333,146.3125,0.935938591058815,0.03,"G1_G2"
"1120c96058d65a55df61529e403b6a471",0.00085525462962963,0.00189051999391383,0.452391211086346,74.8666666666667,88.4375,0.937596641446099,0.36,"G1_G2"
"fdb513a85a39fafe95360eec69cadc501",0.000854930555555556,0.00156057799656548,0.547829430785957,15.2,148.1875,0.939254063563011,0.85,"G1_G2"
"7496671ed8f70f49b6f48d2368db56261",0.000800347222222222,0.00135382412909573,0.591175179272954,75.3333333333333,95.3125,0.940805666998752,0.7,"G1_G2"
"2e57b76efd5a2048c37546212f61eed81",0.000762916666666667,0.00155832500074427,0.489574810326659,39.2666666666667,107.875,0.942284705206566,0.38,"G1_G2"
"ec3ee7dacd24bb66173f5d85c5d6e2e41",0.000745902777777778,0.00129986581092591,0.573830599672795,23.4,122.5625,0.943730759219868,0.5,"G1_G2"
"fef04cf977569f3ccadd9511eee52ad51",0.000738472222222222,0.00144714311120464,0.510296608887216,42.0666666666667,101.375,0.945162407891076,0.04,"G1_G2"
"c7913edfda262b47b71f8cb7246a75f31",0.000701736111111111,0.00149619908444944,0.469012525408228,73,62.4375,0.94652283762801,0.14,"G1_G2"
"1991586b6583c5d8e5e5db978e7249c31",0.000689583333333333,0.00174948430005303,0.394163773468806,18,110.625,0.947859707226007,0.07,"G1_G2"
"bed31d2068628f5ea4b04ff895c03c911",0.000644560185185185,0.000860446939904188,0.749099282353143,55.2,91.4375,0.949109292118797,0.66,"G1_G2"
"f0fe173a356d624ed9d087e5e114d9d81",0.000643217592592593,0.00153448829691316,0.419173996886463,47.5333333333333,74.1875,0.95035627417719,0.88,"G1_G2"
"68733d76fa8687dccbdd9d9e8f3870181",0.000632638888888889,0.002455320471328,0.257660413895672,0,113.875,0.951582747695594,0.25,"G1_G2"
"6d04abd9e6bdf4989949634a5735a0021",0.000628472222222222,0.0016795133375889,0.374199006436265,0,113.125,0.952801143452076,0.08,"G1_G2"
"c52225a74d118e32d0834853b27159b51",0.000628402777777778,0.00162339272563423,0.387092271546475,20.0666666666667,98.3125,0.954019404579193,0.69,"G1_G2"
"f7228aa155bf10d455d8e02ad5f5980c1",0.000618472222222222,0.00123736449913275,0.499830262348484,23.6,98,0.955218413707064,0.32,"G1_G2"
"6c0daa89686e1183f155306637ce7ac41",0.000585231481481481,0.00154244223618997,0.379418734621193,43.5333333333333,67.25,0.956352980245384,0.13,"G1_G2"
"59adeb7ec478fa7cb6a05ff40b9a34d21",0.000584722222222222,0.00100522442028183,0.581683264378202,48.7333333333333,71,0.957486559501692,0.39,"G1_G2"
"c7f49d329f25df14c44c5de7bfb321121",0.0005775,0.00147214574856424,0.392284527916633,11.9333333333333,95,0.958606137304002,0.07,"G1_G2"
"426a4453ab2973d926b156da5710819a1",0.000577013888888889,0.00155118535274369,0.371982553773013,4.06666666666667,100.8125,0.959724772700755,0.13,"G1_G2"
"707719bd2799b834ba0e74112fa489a01",0.000566597222222222,0.00135716693226808,0.417485284050749,15.4,90.4375,0.960823213692704,0.08,"G1_G2"
"b1ada5450306be8190fe085fc59a59541",0.000553263888888889,0.0016194994026916,0.341626485301178,76.1333333333333,27.0625,0.961895805846504,0.11,"G1_G2"
"8550561c2fdadd7f67c40b816b48c1ef1",0.00054025462962963,0.00164537910286581,0.328346597260565,78.6666666666667,21.4375,0.962943177432528,0.1,"G1_G2"
"bbde64bb39e1bcd06e22178c3b164a751",0.000521736111111111,0.00119669018783645,0.435982609713198,16.7333333333333,82.1875,0.963954647854457,0.29,"G1_G2"
"fec95878e9323087b609f4cd86b3cc8b1",0.000485324074074074,0.00135330774752607,0.358620627836703,26.2666666666667,64.375,0.964895527612483,0.05,"G1_G2"
"59470531649449e66a30d968901a47631",0.000483587962962963,0.00100506481830345,0.481151020467776,86.7333333333333,0.9375,0.965833041636375,0.01,"G1_G2"
"e5d84d0b9dd8040fcdac521fada728a81",0.00048087962962963,0.000731286782598659,0.657580091794909,66.0666666666667,28.75,0.966765305115018,0.01,"G1_G2"
"8c9a21b986cababce8e7b9a0fe2defea1",0.000462268518518519,0.000775394467555571,0.596172061912975,23.7333333333333,68.375,0.967661487923746,0.76,"G1_G2"
"4b92a12c127f465eb0ed54ded1e3e3291",0.000451388888888889,0.00139682997129097,0.323152350798794,17,66.375,0.968536578798567,0.1,"G1_G2"
"ec7d2fab65ba478da5c32c9a7594642e1",0.000438912037037037,0.00129103591053006,0.339968883481198,20.9333333333333,60.6875,0.96938748126408,0.58,"G1_G2"
"30688358cee6df00f97a09297ddf54341",0.000432314814814815,0.000863363001862984,0.500733542996348,35.8666666666667,50.25,0.970225593939884,0.47,"G1_G2"
"58b0b02468dbe1a3d123dcc7acedd4fb1",0.000427037037037037,0.00124700103771574,0.342451228283888,20.1333333333333,59.25,0.97105347478392,0.12,"G1_G2"
"9d73bb75b2b0d4355dd3834662ef61b41",0.000415509259259259,0.00073185486814741,0.567748166123516,67.9333333333333,12.75,0.971859007153307,0.54,"G1_G2"
"83ed7de6a0f63ad7ef724503e04498c01",0.000415347222222222,0.000934188541803232,0.44460748942659,14.2666666666667,64.0625,0.972664225387508,0.07,"G1_G2"
"dcfdd81870b4fa980f817c07e08e49251",0.000397175925925926,0.000837887446265176,0.474020618994006,34.7333333333333,43.25,0.973434215604441,0.85,"G1_G2"
"f1182280951cffb95bcbd92043756d941",0.000396226851851852,0.00072794892744775,0.54430583920366,38.9333333333333,40.5625,0.974202365886714,0.04,"G1_G2"
"029bdcfeee7f09ec337010a17c9945d91",0.000384328703703704,0.000609868913722756,0.630182478653794,57.1333333333333,19.1875,0.974947449671056,0.27,"G1_G2"
"202584e0410e749e15eaa0b3dc36620f1",0.000370069444444444,0.000942947439556799,0.392460310002415,25.2,44.5625,0.975664889559044,0.02,"G1_G2"
"3206015154602ad2f550885ff96e466e1",0.000339444444444444,0.00108800021136998,0.311989318473593,3.13333333333333,58.75,0.97632295789691,0.15,"G1_G2"
"e3e3014e2d09d44133f5a2cb53364b071",0.000335810185185185,0.00124234550276494,0.270303377311555,2.86666666666667,57.9375,0.976973980631322,0.61,"G1_G2"
"cf12592db84b8fe64eff91c601ee388a1",0.000319375,0.000759691754509977,0.420400771897289,19.4666666666667,42.6875,0.9775931410826,0.08,"G1_G2"
"82080588026ce46c2e5cf3ff5e56fc661",0.000313958333333333,0.000910454342161711,0.344836988297398,16.8,41.8125,0.978201800443379,0.14,"G1_G2"
"30be3f21e278e5b6e83bba62d455fa911",0.000307662037037037,0.00115307800506645,0.266818060604066,1.93333333333333,53.6875,0.978798253408367,0.39,"G1_G2"
"d915961fff71b0b410365e024d4db38d1",0.000301574074074074,0.00077100095520296,0.391146174384034,26.4666666666667,31.125,0.979382903865658,0.17,"G1_G2"
"56608e86a31ec3abf3104bac70d181451",0.000293703703703704,0.00100711065947819,0.291630021924184,3.46666666666667,50.25,0.979952296328208,0.66,"G1_G2"
"adf021246bf5a52687193edea42671ef1",0.000291527777777778,0.00108085095377965,0.269720609264699,2.4,50.375,0.980517470403978,0.47,"G1_G2"
"bb4e56f75b6a7bb46a5af5792a0f003c1",0.000266319444444444,0.00103360636745806,0.257660413895672,0,47.9375,0.981033774020123,0.24,"G1_G2"
"fa5a3856d765788bbb43e6c6e8f7ee9d1",0.000265625,0.00103091117484408,0.257660413895672,0,47.8125,0.981548731342614,0.23,"G1_G2"
"f678158684fc17d8c7b44b7e124491e51",0.000263541666666667,0.00102282559700217,0.257660413895672,0,47.4375,0.982059649784144,0.33,"G1_G2"
"e26286d6540544a2832f60dfdf8595861",0.000262268518518519,0.000829848718141725,0.316043771334388,42.4,7.125,0.982568100020643,0.12,"G1_G2"
"a165bf51d50346e911f950396eded7411",0.000260046296296296,0.000904200354926914,0.287598091373582,5.06666666666667,42.375,0.983072242117451,0.14,"G1_G2"
"0c1588fa28cc4e51970a81953867347f1",0.000257986111111111,0.000608921000768931,0.423677473408426,0,46.4375,0.983572390209752,0.06,"G1_G2"
"f7f640f0a3598e296a8b9c160258f9191",0.000254421296296296,0.000939742788522012,0.270735034526244,2.26666666666667,43.8125,0.984065627327966,0.28,"G1_G2"
"68bcda32be34ff9e7cc262f6fe275be61",0.000248703703703704,0.000888153093109578,0.280023461758095,3.73333333333333,41.5,0.984547779961765,0.6,"G1_G2"
"aed55ba99c56a108bd2dd2770cdcadd51",0.00024025462962963,0.000641666137951659,0.374423107936747,15.0666666666667,30.0625,0.985013552689446,0.15,"G1_G2"
"40d5327bed1fddfb379c33d12322d3611",0.000229212962962963,0.000829934490021237,0.276181994746474,2.86666666666667,38.75,0.985457919348035,0.37,"G1_G2"
"990d16ab4495e7a080cc7ea6d3b6602e1",0.000220486111111111,0.000855723654935939,0.257660413895672,0,39.6875,0.985885367583044,0.33,"G1_G2"
"1f6eef91cea08599638ee46a4c7e7c991",0.000218125,0.000577528562470766,0.377686947753413,13.8,27.1875,0.986308238419631,0.08,"G1_G2"
"b1027ab906ae1c9f582c251f422ba3201",0.00021775462962963,0.000621907483723291,0.350139908794724,11.8666666666667,28.8125,0.986730391232935,0.12,"G1_G2"
"a4a5ac8564fbf1db869ad667f4315eff1",0.000211550925925926,0.000805378593223467,0.262672645766768,0.733333333333333,37.4375,0.987140517156269,0.27,"G1_G2"
"050d101aa8c55d897943814d09a3a7a71",0.000201736111111111,0.00078295345435871,0.257660413895672,0,36.3125,0.987531615462631,0.28,"G1_G2"
"9e5949b0b1b6380b202751c0365485681",0.00019912037037037,0.000549681872143062,0.362246565625411,11.5333333333333,25.75,0.987917642729565,0.81,"G1_G2"
"860584d8b227992f389bc4f1f068c20e1",0.00019474537037037,0.000316666523084566,0.614985658962011,20.3333333333333,20.6875,0.988295188346482,0.27,"G1_G2"
"61c080a2b30136df6c80642b1926c78e1",0.000193402777777778,0.000750611142991052,0.257660413895672,0,34.8125,0.988670131129002,0.26,"G1_G2"
"4e75934a4bf4dfd06f7ef1ec24c6c72c1",0.000192569444444444,0.000366633851443548,0.525236400529412,19.3333333333333,19.1875,0.989043458359137,0.06,"G1_G2"
"9e3c0d7bc15f6411f76c1e933b5e7be01",0.000191481481481481,0.000424157480579675,0.451439595547845,34.4666666666667,0,0.989414676395882,0.54,"G1_G2"
"4c65fe994172a674fb753d63c6f93f9a1",0.000187291666666667,0.000453677508241332,0.41282995798645,14.6,20.9375,0.98977777179425,0.47,"G1_G2"
"850dd59997cd860e8fe18e3268e86e701",0.000184837962962963,0.00050231133162305,0.367974901871557,12.6666666666667,22.1875,0.990136110288376,0.19,"G1_G2"
"4118c752bf241af040596d03c7a366ff1",0.00018,0.000330721520322369,0.54426455171271,32.4,0,0.990485069603382,0.8,"G1_G2"
"c4d6b95f55599a9777faa913ffa99aad1",0.000173263888888889,0.00067245055718588,0.257660413895672,0,31.1875,0.990820969869948,0.85,"G1_G2"
"112b8e495108a34b906472ab88df2e8c1",0.000173101851851852,0.000508799319653441,0.340216358720285,5,27.25,0.991156556001328,0.26,"G1_G2"
"38fe7cdad46ee97cd12b232f8cd2aca71",0.00016837962962963,0.000610453682901996,0.275827035442199,2.06666666666667,28.5,0.991482987335864,0.33,"G1_G2"
"bf9be3c104ea0c19d3f4b41dd1862a891",0.000161458333333333,0.000625196292590841,0.258252224536142,0,29.0625,0.99179600061032,0.32,"G1_G2"
"21d86b5d037137872916eda48e650a621",0.000160416666666667,0.000622589493827408,0.257660413895672,0,28.875,0.992106994444295,0.3,"G1_G2"
"e73096ccb9c6b2d19edd28aba6202d7c1",0.000160138888888889,0.00045281184539831,0.353654372155447,8.8,21.125,0.992417449760808,0.11,"G1_G2"
"a0b7d7ad0d2e67087cc5d0a04dab7b411",0.000158680555555556,0.000615851512292479,0.257660413895672,0,28.5625,0.99272507786065,0.68,"G1_G2"
"1fec1ed0027d30ef5f80f65c663bafc51",0.000155439814814815,0.000454548230314082,0.341965504314932,8.33333333333333,20.6875,0.993026423256774,0.53,"G1_G2"
"a4252c85e0f176a7da5dc802d28b6fda1",0.000154074074074074,0.000577697189482836,0.266703866452949,27.7333333333333,0,0.993325120942047,0.46,"G1_G2"
"3fbe30c40b6233edc057fe6d61dc7d7d1",0.000144722222222222,0.000351165548746127,0.412119647667511,12.2,15.375,0.993605688539451,0.59,"G1_G2"
"a2794d9a683656c92fe04e0f5fe1e4491",0.000139375,0.00046647169480067,0.298785545947342,3.6,21.9375,0.993875889675722,0.16,"G1_G2"
"bdf0ea93b3ca780772bb33c8736106381",0.000138888888888889,0.00035389547369524,0.392457375729236,25,0,0.994145148406437,0.1,"G1_G2"
"b50f15e9131393d6ed0fb41d6e039af61",0.000135555555555556,0.000303151141678821,0.447155022424993,24.4,0,0.994407944927614,0.01,"G1_G2"
"30296c3ec9a0b374e24bbb6c45931eea1",0.000122222222222222,0.000429406205765683,0.284630777527505,22,0,0.994644892610643,0.01,"G1_G2"
"705158eef551ec080dd66226b645c0fe1",0.000116782407407407,0.000418747307188246,0.278885154370457,1.66666666666667,19.5625,0.994871294326719,0.27,"G1_G2"
"27fe959fc5676ff4d01c6c377a721dba1",0.000114074074074074,0.000297968164028976,0.382839805875975,20.5333333333333,0,0.995092445497545,0.01,"G1_G2"
"8ddf8ae3826f084467066355b1b1c18a1",0.000113587962962963,0.000383708825021078,0.296026454321772,2.86666666666667,17.9375,0.995312654262814,0.21,"G1_G2"
"7588fbabbc6b11e0a6fca04227ad87c41",0.000107407407407407,0.00032759459011492,0.327866853264363,19.3333333333333,0,0.995520881014567,0.01,"G1_G2"
"13dc453cc5164973a2f36519c8329a691",9.37037037037037e-05,0.00035133987725759,0.266703866452949,16.8666666666667,0,0.995702540904889,0.01,"G1_G2"
"a8703b4c215413b89a7475cdd6420ff01",9.02777777777778e-05,0.000227816894057117,0.396273411378982,16.0666666666667,0.25,0.995877559079853,0.14,"G1_G2"
"8e9cbcdfe6b4966c401f2bd895f109a41",8.51851851851852e-05,0.000319399888415991,0.266703866452949,15.3333333333333,0,0.996042704434691,0.01,"G1_G2"
"dab2e128ae196cc61b441897b5b0b17c1",8.22222222222222e-05,0.000308290327079782,0.266703866452949,14.8,0,0.996202105603274,0.18,"G1_G2"
"317c006ea69cfd1f8362967a2bc37fc41",8.14814814814815e-05,0.00030551293674573,0.266703866452949,14.6666666666667,0,0.996360070725293,0.01,"G1_G2"
"ae16f3705ee4d4b892616eb6d9a1c1331",7.95138888888889e-05,0.000308599554299732,0.257660413895672,0,14.3125,0.996514221348627,0.25,"G1_G2"
"d8ec63d34841f558e0adca3e1f9c4f621",7.74305555555556e-05,0.000300513976457818,0.257660413895672,0,13.9375,0.996664333091,0.27,"G1_G2"
"88a077c9e28abbb58af146d986d1af121",7e-05,0.000238335395031499,0.29370375302732,12.6,0,0.99680003949128,0.01,"G1_G2"
"078cdbc288edeac9b14375fd53e917e01",6.96296296296296e-05,0.000170490662900747,0.408407290140957,12.5333333333333,0,0.996935027868278,0.01,"G1_G2"
"ad953ff4d9c0f21e967986d390bd2a111",6.96296296296296e-05,0.000134088465511232,0.519281277208718,12.5333333333333,0,0.997070016245277,0.01,"G1_G2"
"a6577b0941775769269b8dd91a1d44ec1",6.28472222222222e-05,0.000243914931564417,0.257660413895672,0,11.3125,0.997191855820925,0.24,"G1_G2"
"9104a5eda258f5144a21611e01ac30c51",6.18518518518518e-05,0.000124267435157147,0.497731781247714,11.1333333333333,0,0.997311765709003,0.01,"G1_G2"
"eb6cbd27c7d568fe500ff82ee43b962f1",6.03703703703704e-05,0.000159754275211774,0.377895178644466,10.8666666666667,0,0.997428803503954,0.13,"G1_G2"
"d318864ec594447d73618719d2eb4c4c1",6e-05,0.00022496861705822,0.266703866452949,10.8,0,0.997545123275622,0.01,"G1_G2"
"bf92f0a438a965108ff1b102694534011",5.96296296296296e-05,0.000223579921891194,0.266703866452949,10.7333333333333,0,0.997660725024009,0.01,"G1_G2"
"2ed42e281d82ea47653ea7a0415531911",5.51851851851852e-05,0.000173215120994354,0.318593347211206,9.93333333333333,0,0.997767710493013,0.01,"G1_G2"
"2f17938c3dd36d203bc84e2d9478506b1",5.33333333333333e-05,0.000136727298105438,0.39007084958415,9.6,0,0.997871105845607,0.5,"G1_G2"
"98178a0328a8d69c28edd1a61f9e14d81",5.03703703703704e-05,0.0001652547248761,0.30480441880337,9.06666666666667,0,0.997968757011946,0.01,"G1_G2"
"aa0fccbbfb498555916e03c270754a341",4.48148148148148e-05,9.94320701477086e-05,0.450707852589626,8.06666666666667,0,0.998055637829057,0.01,"G1_G2"
"02c588455cf584b99ce7da25edbe2e5b1",4.44444444444444e-05,0.000127939884638473,0.347385372200651,8,0,0.998141800622885,0.55,"G1_G2"
"bea115d6c60b0df4f91b6fff8b7901ce1",4.2962962962963e-05,0.000161088639375021,0.266703866452949,7.73333333333333,0,0.998225091323586,0.01,"G1_G2"
"c927be1b570578a424ca689761f946271",4.03703703703704e-05,0.000151367773205839,0.266703866452949,7.26666666666667,0,0.998303355861314,0.01,"G1_G2"
"132f268a71872efe8a4c6aea3cb82fe91",3.85185185185185e-05,0.000144424297370709,0.266703866452949,6.93333333333333,0,0.998378030282632,0.36,"G1_G2"
"b37560fba4127cf6dde95d8884e33f3c1",3.77777777777778e-05,0.000100624631131296,0.375432708205259,6.8,0,0.998451268657386,0.01,"G1_G2"
"1c0b7d810b0b28e6490830cc204d61a81",3.74074074074074e-05,0.000140258211869631,0.266703866452949,6.73333333333333,0,0.998523789008859,0.01,"G1_G2"
"d71eb8ea50f2ef8487a0dc1559746e8f1",3.37037037037037e-05,0.00012637126019937,0.266703866452949,6.06666666666667,0,0.998589129127512,0.01,"G1_G2"
"028fdac2f188769b60fd4cf260372fcb1",2.77777777777778e-05,0.000107807704558858,0.257660413895672,0,5,0.998642980873655,0.26,"G1_G2"
"60c6622e553962a5dcb78fbe549ab7fa1",2.59259259259259e-05,7.29183039450756e-05,0.355547572053434,4.66666666666667,0,0.998693242503388,0.01,"G1_G2"
"5a44d3b6635b35994d21f4c9c87ed91e1",2.33333333333333e-05,8.7487795522641e-05,0.266703866452949,4.2,0,0.998738477970148,0.54,"G1_G2"
"9b014499e32815d4eea28f430878b6711",2.2962962962963e-05,6.8088560989929e-05,0.337251406537427,4.13333333333333,0,0.998782995413626,0.01,"G1_G2"
"3f98d23eb2352e0000bc95ca0f2e54ff1",2.03703703703704e-05,7.63782341864326e-05,0.266703866452949,3.66666666666667,0,0.998822486694131,0.01,"G1_G2"
"0343e81e103065e65dcaa2637ec66d2b1",2e-05,7.49895390194065e-05,0.266703866452949,3.6,0,0.998861259951354,0.01,"G1_G2"
"3feda796315faa84c5366c52d7dc744b1",2e-05,7.49895390194065e-05,0.266703866452949,3.6,0,0.998900033208577,0.01,"G1_G2"
"35f2f16241413259e916d3ad617b84181",1.96296296296296e-05,7.36008438523805e-05,0.266703866452949,3.53333333333333,0,0.998938088442518,0.01,"G1_G2"
"e014f641a0b6637a8f4d8d284864cf411",1.88888888888889e-05,7.08234535183284e-05,0.266703866452949,3.4,0,0.998974707629895,0.01,"G1_G2"
"61cafc87e9a8ec02baa9509c033577191",1.88888888888889e-05,7.08234535183284e-05,0.266703866452949,3.4,0,0.999011326817272,0.55,"G1_G2"
"a0481ee991e274f24b9a0cfb805bdbbe1",1.85185185185185e-05,6.94347583513024e-05,0.266703866452949,3.33333333333333,0,0.999047227981367,0.01,"G1_G2"
"5031d3b48403eb538f2d9db5530d6b661",1.85185185185185e-05,6.94347583513024e-05,0.266703866452949,3.33333333333333,0,0.999083129145462,0.01,"G1_G2"
"5ac7ed6d0ed5ddd5769ba5ec553468bb1",1.77777777777778e-05,4.70285497100975e-05,0.378020965719058,3.2,0,0.999117594262994,0.01,"G1_G2"
"8078b05f1696ab50d1a08b8ff5d026d11",1.74074074074074e-05,6.52686728502242e-05,0.266703866452949,3.13333333333333,0,0.999151341357243,0.01,"G1_G2"
"73a9c88945a6856ecee1788f675c8c9f1",1.7037037037037e-05,6.38799776831982e-05,0.266703866452949,3.06666666666667,0,0.999184370428211,0.01,"G1_G2"
"8e9d54743a37f15f6bb1e791952e39871",1.66666666666667e-05,6.24912825161721e-05,0.266703866452949,3,0,0.999216681475897,0.01,"G1_G2"
"07504cf84550d0b2f34a55b8f680cf7e1",1.62962962962963e-05,6.11025873491461e-05,0.266703866452949,2.93333333333333,0,0.999248274500301,0.01,"G1_G2"
"89ab06a3f840f6f974b9fa289af4974a1",1.59259259259259e-05,4.27799261255616e-05,0.372275676194073,2.86666666666667,0,0.999279149501422,0.01,"G1_G2"
"027bf31d5dffac4119349d436f1cab761",1.55555555555556e-05,5.8325197015094e-05,0.266703866452949,2.8,0,0.999309306479262,0.01,"G1_G2"
"51f15bf76a4dcfa2c7abed002ebe70bc1",1.51851851851852e-05,5.69365018480679e-05,0.266703866452949,2.73333333333333,0,0.999338745433821,0.01,"G1_G2"
"1f9077ccef6468636305a51b2aed42ba1",1.51851851851852e-05,5.69365018480679e-05,0.266703866452949,2.73333333333333,0,0.999368184388379,0.01,"G1_G2"
"cdfc4f0ac2f21b78873017c5a368b99b1",1.48148148148148e-05,5.55478066810419e-05,0.266703866452949,2.66666666666667,0,0.999396905319655,0.01,"G1_G2"
"076c61006330e0bfe32b4ca22c3778ce1",1.44444444444444e-05,5.41591115140158e-05,0.266703866452949,2.6,0,0.999424908227649,0.01,"G1_G2"
"dd9b21267e54cffd2e68a96e49c570451",1.40740740740741e-05,5.27704163469898e-05,0.266703866452949,2.53333333333333,0,0.999452193112362,0.01,"G1_G2"
"bc2d8c4af67fdd3f95764063f23a4ac31",1.40740740740741e-05,5.27704163469898e-05,0.266703866452949,2.53333333333333,0,0.999479477997074,0.01,"G1_G2"
"b43f947a248adca972f00fa6ed458dcb1",1.37037037037037e-05,5.13817211799637e-05,0.266703866452949,2.46666666666667,0,0.999506044858504,0.01,"G1_G2"
"02bc1896cf439ea5a251b96edbc44d881",1.33333333333333e-05,4.99930260129377e-05,0.266703866452949,2.4,0,0.999531893696653,0.01,"G1_G2"
"2bc13c74b7a9fd18f2b809c25ca134ce1",1.33333333333333e-05,4.99930260129377e-05,0.266703866452949,2.4,0,0.999557742534802,0.01,"G1_G2"
"f15f07245f54c66679495fae9d7328631",1.25925925925926e-05,4.72156356788856e-05,0.266703866452949,2.26666666666667,0,0.999582155326386,0.01,"G1_G2"
"d26c7eda8a0051d840633afa3d3d528d1",1.22222222222222e-05,4.58269405118596e-05,0.266703866452949,2.2,0,0.999605850094689,0.01,"G1_G2"
"9e05df9739667289c16f6685650413f61",1.22222222222222e-05,4.58269405118596e-05,0.266703866452949,2.2,0,0.999629544862992,0.01,"G1_G2"
"890a2c4a189eef22063b3d686c541a711",1.07407407407407e-05,4.02721598437554e-05,0.266703866452949,1.93333333333333,0,0.999650367538167,0.01,"G1_G2"
"173ca1552c607c680889b30f43d7f0261",9.25925925925926e-06,3.47173791756512e-05,0.266703866452949,1.66666666666667,0,0.999668318120215,0.01,"G1_G2"
"d6861de89e8c6f692a58a6a6e2a0e3c11",9.25925925925926e-06,3.47173791756512e-05,0.266703866452949,1.66666666666667,0,0.999686268702263,0.82,"G1_G2"
"972ea83ac654db049e792d82c24637951",8.88888888888889e-06,3.33286840086251e-05,0.266703866452949,1.6,0,0.999703501261028,0.01,"G1_G2"
"799c62de1cb7a2e0b684a84f71727fe51",8.88888888888889e-06,3.33286840086251e-05,0.266703866452949,1.6,0,0.999720733819794,0.01,"G1_G2"
"514fc8efcc6a30607411c0c1aba9462b1",8.51851851851852e-06,3.19399888415991e-05,0.266703866452949,1.53333333333333,0,0.999737248355278,0.6,"G1_G2"
"f097d2fe71a217b7141c07a95c81156c1",8.51851851851852e-06,3.19399888415991e-05,0.266703866452949,1.53333333333333,0,0.999753762890762,0.01,"G1_G2"
"7fc609ab114eea9bd59352810ca76b811",8.51851851851852e-06,3.19399888415991e-05,0.266703866452949,1.53333333333333,0,0.999770277426245,0.01,"G1_G2"
"5ecb86f928e969dfb9be100707b8401b1",8.14814814814815e-06,3.0551293674573e-05,0.266703866452949,1.46666666666667,0,0.999786073938447,0.01,"G1_G2"
"4a60afc8d30211637a46548f1397a6a31",7.40740740740741e-06,2.77739033405209e-05,0.266703866452949,1.33333333333333,0,0.999800434404085,0.01,"G1_G2"
"5ca129736d688e118ec61cd434564e521",7.40740740740741e-06,2.77739033405209e-05,0.266703866452949,1.33333333333333,0,0.999814794869724,0.01,"G1_G2"
"513ceaf783e8c8bf475e73597ea86e841",7.03703703703704e-06,2.63852081734949e-05,0.266703866452949,1.26666666666667,0,0.99982843731208,0.01,"G1_G2"
"a31a10ce6c2ec7680bb90c065d9e5bf81",7.03703703703704e-06,2.63852081734949e-05,0.266703866452949,1.26666666666667,0,0.999842079754436,0.01,"G1_G2"
"2baed607df0180fb011d8d4d05fb88191",7.03703703703704e-06,2.63852081734949e-05,0.266703866452949,1.26666666666667,0,0.999855722196792,0.01,"G1_G2"
"f9282cf29faf2398e93e8d9cff5c232d1",7.03703703703704e-06,2.63852081734949e-05,0.266703866452949,1.26666666666667,0,0.999869364639148,0.01,"G1_G2"
"5573912ea4b8e8d161307c8fd9b4bf4f1",7.03703703703704e-06,2.63852081734949e-05,0.266703866452949,1.26666666666667,0,0.999883007081505,0.01,"G1_G2"
"062a74c18b8837d87c59a6f1c09714bb1",7.03703703703704e-06,2.63852081734949e-05,0.266703866452949,1.26666666666667,0,0.999896649523861,0.01,"G1_G2"
"f6eaae49255d7f406d993b58cb0d01101",6.66666666666667e-06,2.49965130064688e-05,0.266703866452949,1.2,0,0.999909573942935,0.01,"G1_G2"
"47880c5414c7736dbd571762504cf7901",6.2962962962963e-06,2.36078178394428e-05,0.266703866452949,1.13333333333333,0,0.999921780338727,0.01,"G1_G2"
"b212c07c7a19c7ac62501eb81de4309f1",5.92592592592593e-06,2.22191226724168e-05,0.266703866452949,1.06666666666667,0,0.999933268711238,0.45,"G1_G2"
"8623e5254d0b3aa394bee4c45caf09b81",5.92592592592593e-06,2.22191226724168e-05,0.266703866452949,1.06666666666667,0,0.999944757083748,0.01,"G1_G2"
"24ff1c1972e97418aad5ca65adbe81db1",4.81481481481481e-06,1.80530371713386e-05,0.266703866452949,0.866666666666667,0,0.999954091386413,0.01,"G1_G2"
"568a6c846373e750ffea73ecc60e0ce21",4.07407407407407e-06,1.52756468372865e-05,0.266703866452949,0.733333333333333,0,0.999961989642514,0.01,"G1_G2"
"96f24210730503524690942a9f92209d1",3.33333333333333e-06,1.24982565032344e-05,0.266703866452949,0.6,0,0.999968451852051,0.01,"G1_G2"
"8b12eed8391d6efd6c1de53ed3effc171",2.96296296296296e-06,1.11095613362084e-05,0.266703866452949,0.533333333333333,0,0.999974196038306,0.01,"G1_G2"
"b43ce90dec6cb8ae947431e0b474a9a21",2.96296296296296e-06,1.11095613362084e-05,0.266703866452949,0.533333333333333,0,0.999979940224562,0.01,"G1_G2"
"41a748491bbb6a2abeeddbe6ba3532321",2.96296296296296e-06,1.11095613362084e-05,0.266703866452949,0.533333333333333,0,0.999985684410817,0.45,"G1_G2"
"ae433a296aec19de408365cd099aa0141",2.59259259259259e-06,9.72086616918233e-06,0.266703866452949,0.466666666666667,0,0.99999071057379,0.01,"G1_G2"
"eabcda47bfc6fe69e3435755065569941",2.59259259259259e-06,9.72086616918233e-06,0.266703866452949,0.466666666666667,0,0.999995736736763,0.01,"G1_G2"
"f5b3f90bede327e1f2882eb30428f15c1",1.85185185185185e-06,6.94347583513024e-06,0.266703866452949,0.333333333333333,0,0.999999326853173,0.01,"G1_G2"
"dfbeb16dc2a296d2c4e5c21e28455dd21",3.47222222222222e-07,1.34759630698573e-06,0.257660413895672,0,0.0625,1,0.35,"G1_G2"
"ba02393d479f25f873c620ca971724ab1",0,0,NA,0,0,1,NA,"G1_G2"
"8745a29941fca9db8eff9653b35baf421",0,0,NA,0,0,1,NA,"G1_G2"
"b0cbcd44ec19c09d0553954e1ea04a701",0,0,NA,0,0,1,NA,"G1_G2"
"958194b71dba50f260d4b31057cc2ca11",0,0,NA,0,0,1,NA,"G1_G2"
"fdaa0076de7e870bf7067cee4efa1ad01",0,0,NA,0,0,1,NA,"G1_G2"
"b2f917933d93ce136305d2932a9ed3861",0,0,NA,0,0,1,NA,"G1_G2"
"7c3e00a2d5669e7cabe93dd93966e6311",0,0,NA,0,0,1,NA,"G1_G2"
"a063c1fd8d50459e48db5f05822decf91",0,0,NA,0,0,1,NA,"G1_G2"
"51202c1296df14199a504c3624320f171",0,0,NA,0,0,1,NA,"G1_G2"
"2ff230d0d0aadceb0c1c35269abda2391",0,0,NA,0,0,1,NA,"G1_G2"
"2746217519099fbc4088bc7b63a2a8c51",0,0,NA,0,0,1,NA,"G1_G2"
"210bc7b4072ff6d3d85b96ca745936451",0,0,NA,0,0,1,NA,"G1_G2"
"db6059a25d4ae6b88b9cdaaee17553641",0,0,NA,0,0,1,NA,"G1_G2"
"1a2518325e43623283d3ad6996e6a6dc2",0.0391669576719577,0.0408530894253072,0.958726946307638,7607.33333333333,10907.0714285714,0.0691615560837426,0.99,"G1_G3"
"f36c161e4341ca7c0fd5d7615f7367062",0.0379628835978836,0.0529778609757179,0.716580150627139,7224.2,4302.64285714286,0.136196941498307,0.07,"G1_G3"
"5f92ec0b039c9127715e033a44803b162",0.0359886772486772,0.025470059085401,1.41297973153527,11227.4666666667,8581.28571428571,0.199746246010569,0.96,"G1_G3"
"cba990f8b3d42525af59136619c453532",0.0354156878306878,0.0245123014600063,1.44481283768769,5813.13333333333,9799.5,0.26228375787609,0.1,"G1_G3"
"1342e1df4714070ba6c899351d5fbe982",0.0284244973544974,0.0218525717888972,1.30073922781662,4138.93333333333,5144.42857142857,0.31247612881285,0.22,"G1_G3"
"dc37dab042e0f652bba8cacb048bbc872",0.021365291005291,0.0325292024845944,0.656803406582422,2423,3213.14285714286,0.350203255450666,0.12,"G1_G3"
"0fdeaf3282ab2f5a5a768cd83c4355d42",0.0206777248677249,0.018971856984259,1.08991570434466,3864.6,2482.85714285714,0.386716268284115,0.01,"G1_G3"
"58c0a8cf76f6b0cb40a42ccf770f67b02",0.0199643650793651,0.0215185285955122,0.927775567495296,2908.26666666667,2340.5,0.421969620527539,0.04,"G1_G3"
"cdecb1c00aad4c9ee55bdae8d8c154d72",0.0176053703703704,0.0174442870652508,1.00923415812392,3821.93333333333,2994.78571428571,0.453057427255944,0.91,"G1_G3"
"ad4cd5d588129069899b6d0c45e641022",0.0167909523809524,0.0139833420778475,1.20078249444764,4214.33333333333,4188.85714285714,0.482707123423848,0.89,"G1_G3"
"e17563b3df444656591db2ee65e212f12",0.0154590476190476,0.0172529946267587,0.896021122911108,1823.33333333333,3381.85714285714,0.510004923724316,0.26,"G1_G3"
"f1170c4937094648423f1d76f7e2d8df2",0.0153440476190476,0.0147626084735896,1.03938593552069,1669.06666666667,2522.78571428571,0.537099655432727,0.03,"G1_G3"
"aa935103e3f612d4a45a649b5acab4e02",0.0153258994708995,0.0126857122977915,1.20812289535902,1624.46666666667,3095.64285714286,0.564162340889895,0.01,"G1_G3"
"1355ee0e4102eda4798184a58389797f2",0.0144875396825397,0.0113424140152582,1.27728891425145,3188.66666666667,3559.78571428571,0.589744639026542,1,"G1_G3"
"c3c6b35a7e7fd0a56aab3c29bd47737b2",0.0135951322751323,0.0146587022399241,0.927444466271024,2237.46666666667,1664.14285714286,0.613751111808717,0.12,"G1_G3"
"a2623a81506363cd410718d6f0a784c52",0.0117190211640212,0.0178431272047812,0.656780676925341,2262.93333333333,866.071428571429,0.634444721618046,0.05,"G1_G3"
"0cb1a8f2800668e33b9ea3ba43e1fec62",0.0106074867724868,0.00881671124244764,1.2031115095862,1932.26666666667,1671.07142857143,0.653175568610744,0.4,"G1_G3"
"341476ed2ddccd9b810f20810c2169b12",0.010498835978836,0.0185455249766546,0.566111554784892,1582.93333333333,878.714285714286,0.671714558527853,0.27,"G1_G3"
"a6684ce7c07660834ac05d6a898e43d52",0.0104340211640212,0.0101319558839546,1.0298131262637,1445.46666666667,1632.85714285714,0.690139097547668,0.09,"G1_G3"
"840e9b2c8fd818543742cadaaabbacd82",0.00898806878306878,0.0146757334295727,0.612444265644478,1154.4,894.5,0.70601035383546,0.23,"G1_G3"
"4888905151d87b45c37d8bfbc7c7baaa2",0.00885068783068783,0.0142948562818048,0.619151928232635,636.2,1448.71428571429,0.721639020935638,0.09,"G1_G3"
"fc327e4ececc2f4066a4fc1054bbdcab2",0.00802388888888889,0.0143955726621709,0.557385876699043,1242.06666666667,641.928571428571,0.7358077150182,0.21,"G1_G3"
"9f872c9b2b6199958b38261da0c19fe12",0.00796018518518518,0.0210085397954999,0.378902354122217,1169,381.785714285714,0.749863920218849,0.1,"G1_G3"
"27ca29a04c426a28399fb0ed50f163722",0.00724201058201058,0.00712740944515656,1.01607893270842,1106.66666666667,686.714285714286,0.762651962762817,0.03,"G1_G3"
"3b09c48d62fb18cfddc9cf9353cc5c0d2",0.00708206349206349,0.00738252117989997,0.959301479736419,967.066666666667,757.714285714286,0.775157568521051,0.08,"G1_G3"
"f65f1bdf4c9a0c2a098c5550d734cc522",0.00635730158730159,0.0156978336154996,0.404979549600052,1032.53333333333,207.857142857143,0.786383379674268,0.11,"G1_G3"
"0aa415e2ba6a661bead2121028d9370a2",0.00584949735449735,0.00899801918397494,0.650087228633057,317.6,1083.92857142857,0.796712503083167,0.12,"G1_G3"
"9389cc5e24fcb8fd40794cda2f4a20f02",0.0048468253968254,0.00800069933727597,0.605800217268959,473.333333333333,531.285714285714,0.805271094468238,0.04,"G1_G3"
"6784ec90ade80686afc929fe409b8ac22",0.00468074074074074,0.00873570557387959,0.535817135909033,763.2,147.285714285714,0.813536411268322,0.21,"G1_G3"
"4afd12be8b23a2d2b1932744ec60fdcd2",0.00421119047619048,0.00576096489705941,0.730987005031051,196.533333333333,673.785714285714,0.820972589710818,0.24,"G1_G3"
"7b4332d9b4fef3874246194bff33039e2",0.00417177248677249,0.00771310349382783,0.540868210845455,570.066666666667,260.642857142857,0.828339163321898,0.01,"G1_G3"
"7e51b4b16965ac6a7d65eea594ecfeba2",0.00413185185185185,0.0143466142590307,0.288001878160974,743.733333333333,0,0.835635244523174,0.42,"G1_G3"
"6b5cefcaf2c763625299668325ee6e9f2",0.00403113756613757,0.00502596289870259,0.802062738500949,384.466666666667,517.071428571429,0.84275348304445,0.42,"G1_G3"
"e1a2c54f302520b1bca56089503d77e02",0.00358378306878307,0.00934347560076951,0.383559953695166,647.2,28.9285714285714,0.84908177680113,0.36,"G1_G3"
"e48f184a1738f2ab51d3dd37db99ee472",0.00357814814814815,0.0125315587032889,0.285530972871641,644.066666666667,0,0.855400120336943,0.3,"G1_G3"
"e8820a8b0ccb14b286019c21e8bfcf002",0.00309230158730159,0.0111703828163999,0.276830403946551,546.466666666667,13.0714285714286,0.860860549289564,0.51,"G1_G3"
"fd4b547fa11d2644e71220f8141dbed22",0.00297137566137566,0.00573836613798535,0.51780865666736,302.533333333333,289.857142857143,0.866107445568088,0.22,"G1_G3"
"5f9c632fdbb71b06c495aed0fa3795ea2",0.00296740740740741,0.00421305817155079,0.704335731095574,400.933333333333,256.714285714286,0.871347334648818,0.68,"G1_G3"
"efc1ec27585ebab02453b0b3ad210d4a2",0.00274148148148148,0.00931623319782829,0.294269306410293,493.466666666667,0,0.876188280601834,0.48,"G1_G3"
"9b1614e795daf36d080a0409abbb79752",0.00262822751322751,0.00381161030932957,0.689532061237864,201.266666666667,358.071428571429,0.880829241129822,0.09,"G1_G3"
"514fc8efcc6a30607411c0c1aba9462b2",0.00256126984126984,0.00922612415155523,0.277610597819464,1.53333333333333,459.714285714286,0.885351966873706,0.09,"G1_G3"
"f0fe173a356d624ed9d087e5e114d9d82",0.00227589947089947,0.00401495901448676,0.566854969798591,47.5333333333333,382.5,0.889370781666928,0.09,"G1_G3"
"8f09d0e9a896102f0926d8ddf73e7eb72",0.00227343915343915,0.00643676383223008,0.353195986786966,317.066666666667,108.142857142857,0.893385251997519,0.16,"G1_G3"
"a921f7d48c056d2365fce6b17bdfbb712",0.00207738095238095,0.00369568819284086,0.562109367452907,206.333333333333,197.071428571429,0.897053520042454,0.25,"G1_G3"
"0f79094cae6cd434ba058b9fdd88d61d2",0.00193791005291005,0.00527877189888829,0.367113807913954,348.866666666667,10.0714285714286,0.900475508442272,0.43,"G1_G3"
"4118c752bf241af040596d03c7a366ff2",0.00176587301587302,0.00434927090890556,0.406015870903148,32.4,294.714285714286,0.903593711460412,0.01,"G1_G3"
"14569551c45f41dc37a8a789b6c34e932",0.00176243386243386,0.00477900822550821,0.368786530440935,260.6,73.8571428571429,0.906705841573798,0.5,"G1_G3"
"fdb513a85a39fafe95360eec69cadc502",0.00174134920634921,0.00244479335791851,0.712268462571326,15.2,309.214285714286,0.909780740109574,0.05,"G1_G3"
"c4d6b95f55599a9777faa913ffa99aad2",0.00164880952380952,0.00414948086751056,0.397353205486331,0,296.785714285714,0.912692230792804,0.12,"G1_G3"
"3c636322344866b001a6bb30722d72422",0.00163320105820106,0.00356796774553921,0.457739860525068,54.0666666666667,255.357142857143,0.915576159831379,0.45,"G1_G3"
"7728dcc32fd62163bbcd131499f3644d2",0.00161608465608466,0.00253184402530526,0.638303402552536,129.733333333333,204.428571428571,0.918429864490138,0.39,"G1_G3"
"dcfdd81870b4fa980f817c07e08e49252",0.00159865079365079,0.00352078926215615,0.454060346875681,34.7333333333333,269.357142857143,0.921252784193257,0.12,"G1_G3"
"f6fae744fd0df8cf57216d09b74c0c542",0.00156944444444444,0.00333742426838999,0.470256197064679,77.8,226.928571428571,0.924024130920615,0.34,"G1_G3"
"ec7d2fab65ba478da5c32c9a7594642e2",0.00150484126984127,0.00502829561554373,0.299274622038813,20.9333333333333,252.928571428571,0.926681400467894,0.24,"G1_G3"
"04e58144a1e0bf97a313b3b84b6023762",0.00140074074074074,0.00525361547458205,0.266624146269894,252.133333333333,0,0.929154847859722,0.18,"G1_G3"
"7496671ed8f70f49b6f48d2368db56262",0.00122103174603175,0.0029853097253636,0.409013421842864,75.3333333333333,155.214285714286,0.931310962620804,0.47,"G1_G3"
"835c646a619cfb59f032918f6d6724b12",0.00120780423280423,0.00202093116343135,0.597647388817291,92.0666666666667,151.642857142857,0.933443720055908,0.64,"G1_G3"
"1120c96058d65a55df61529e403b6a472",0.00108388888888889,0.00254857345730065,0.425292386917073,74.8666666666667,130.928571428571,0.935357666061245,0.24,"G1_G3"
"8ba690413c85a2d1ca07752c7530803c2",0.00107055555555556,0.00200791216925972,0.533168517998598,99.7333333333333,107.214285714286,0.937248067881995,0.32,"G1_G3"
"bed31d2068628f5ea4b04ff895c03c912",0.00103055555555556,0.0018513899233378,0.556638848772389,55.2,146.071428571429,0.939067837148986,0.2,"G1_G3"
"8c9a21b986cababce8e7b9a0fe2defea2",0.00103029100529101,0.00233999580524627,0.440296090694305,23.7333333333333,168.5,0.940887139269458,0.17,"G1_G3"
"566c5e9da9c7d5cef504e472c2abbd602",0.00102603174603175,0.00237820128369924,0.431431835927603,72.1333333333333,124.571428571429,0.942698920330964,0.33,"G1_G3"
"9e5949b0b1b6380b202751c0365485682",0.00101322751322751,0.00242353221688034,0.418078829804778,11.5333333333333,174.142857142857,0.944488091500923,0.12,"G1_G3"
"61cafc87e9a8ec02baa9509c033577192",0.00101063492063492,0.00358503554179781,0.28190373815042,3.4,179,0.94627268463499,0.05,"G1_G3"
"c52225a74d118e32d0834853b27159b52",0.000994312169312169,0.00228934301769694,0.434322057300282,20.0666666666667,164.642857142857,0.9480284548288,0.35,"G1_G3"
"076a3cdae4e19b9ebd3b1e867d50d50d2",0.000922222222222222,0.00345888485767036,0.266624146269894,166,0,0.949656927596027,0.31,"G1_G3"
"9d73bb75b2b0d4355dd3834662ef61b42",0.00091047619047619,0.00205594272174432,0.442850951462167,67.9333333333333,106.571428571429,0.951264659057784,0.05,"G1_G3"
"30688358cee6df00f97a09297ddf54342",0.000892619047619048,0.00258004676604666,0.345970103862414,35.8666666666667,129.928571428571,0.952840858129471,0.19,"G1_G3"
"98efba6e4e3e6a0f52c2727c91619f722",0.000883333333333333,0.00250639197031167,0.352432238770495,159,0,0.95440066035832,0.45,"G1_G3"
"2e57b76efd5a2048c37546212f61eed82",0.00087468253968254,0.00241722111412414,0.361854583584288,39.2666666666667,123.785714285714,0.95594518689598,0.38,"G1_G3"
"56608e86a31ec3abf3104bac70d181452",0.000841111111111111,0.00297118777926582,0.283089179681181,3.46666666666667,148.428571428571,0.957430432540305,0.3,"G1_G3"
"4c65fe994172a674fb753d63c6f93f9a2",0.00082031746031746,0.0026783482099565,0.306277375461491,14.6,135.142857142857,0.958878960468193,0.21,"G1_G3"
"5a44d3b6635b35994d21f4c9c87ed91e2",0.000807698412698413,0.002836176653333,0.284784239990562,4.2,141.785714285714,0.960305205507097,0.06,"G1_G3"
"41a748491bbb6a2abeeddbe6ba3532322",0.000802539682539683,0.00288982492386595,0.277712215681931,0.533333333333333,144,0.961722341188869,0.07,"G1_G3"
"7f8923e6de6b6a07954cfbfc8ffa0e9b2",0.00077962962962963,0.00119665804221681,0.651505778697953,140.333333333333,0,0.963099021982047,0.9,"G1_G3"
"ec3ee7dacd24bb66173f5d85c5d6e2e42",0.000774285714285714,0.00146476369085904,0.528607938002355,23.4,126,0.964466266415529,0.39,"G1_G3"
"b0cbcd44ec19c09d0553954e1ea04a702",0.000772222222222222,0.00279093984285768,0.276688952719071,0,139,0.965829867106158,0.01,"G1_G3"
"a4252c85e0f176a7da5dc802d28b6fda2",0.000716587301587302,0.00211354915870049,0.339044539672734,27.7333333333333,105.214285714286,0.967095226883722,0.05,"G1_G3"
"51202c1296df14199a504c3624320f172",0.000673809523809524,0.00243525994510398,0.276688952719071,0,121.285714285714,0.968285049069071,0.01,"G1_G3"
"9e3c0d7bc15f6411f76c1e933b5e7be02",0.000657380952380952,0.0017364702054389,0.37857312513738,34.4666666666667,88.7857142857143,0.969445861455554,0.04,"G1_G3"
"59adeb7ec478fa7cb6a05ff40b9a34d22",0.000645555555555556,0.00146839997139334,0.439631958684255,48.7333333333333,74.4285714285714,0.970585792392612,0.29,"G1_G3"
"1fec1ed0027d30ef5f80f65c663bafc52",0.000635714285714286,0.00213662910197218,0.297531417655736,8.33333333333333,107.285714285714,0.971708345479143,0.3,"G1_G3"
"01ed22048e8df4236768e3d7bea94c412",0.000626666666666667,0.00121403689439644,0.516184202934141,64.6,57.4285714285714,0.972814922154704,0.87,"G1_G3"
"02c588455cf584b99ce7da25edbe2e5b2",0.00061547619047619,0.00206776812914463,0.297652421372214,8,103.928571428571,0.973901738532487,0.04,"G1_G3"
"7d952f43664b4082d9801903c36533202",0.000577407407407407,0.00075425477774693,0.765533642534169,103.933333333333,0,0.974921332526104,0.52,"G1_G3"
"68bcda32be34ff9e7cc262f6fe275be62",0.000566190476190476,0.00197288049220438,0.286986707217044,3.73333333333333,98.7142857142857,0.975921119507291,0.27,"G1_G3"
"609ec913c0ebb5d9e633a384d60b8fc12",0.000564206349206349,0.00113297271826137,0.497987586207872,51.0666666666667,57.7857142857143,0.976917402889582,0.9,"G1_G3"
"c2a6b8375554b9e6a5eb75880d6e45042",0.000536031746031746,0.00157566623730193,0.340193711930779,19.0666666666667,80.1428571428571,0.977863935167537,0.73,"G1_G3"
"c7913edfda262b47b71f8cb7246a75f32",0.000517698412698413,0.0010115182065674,0.511803355923003,73,27.7857142857143,0.978778094191687,0.36,"G1_G3"
"e3e3014e2d09d44133f5a2cb53364b072",0.000489444444444444,0.00171199191360393,0.285891796891791,2.86666666666667,85.6428571428571,0.979642361967546,0.25,"G1_G3"
"59470531649449e66a30d968901a47632",0.000481851851851852,0.00100848935577506,0.477795674384219,86.7333333333333,0,0.980493222638294,0.01,"G1_G3"
"cd96dc701c49df0b227c915d9ce9bc752",0.000480396825396825,0.0011918615873674,0.403064273979945,30.1333333333333,60.6428571428571,0.981341514003184,0.82,"G1_G3"
"029bdcfeee7f09ec337010a17c9945d92",0.000478015873015873,0.000801002330605495,0.596772137547378,57.1333333333333,37.0714285714286,0.982185601049398,0.06,"G1_G3"
"f7228aa155bf10d455d8e02ad5f5980c2",0.000468253968253968,0.000937326183082845,0.499563520901434,23.6,67.4285714285714,0.98301245038904,0.61,"G1_G3"
"0dcefd65571849dd41395e1d88748cee2",0.000464365079365079,0.000874126058848864,0.531233538531732,81.2,7.07142857142857,0.983832432674844,0.72,"G1_G3"
"8550561c2fdadd7f67c40b816b48c1ef2",0.000437037037037037,0.00163915025383575,0.266624146269894,78.6666666666667,0,0.984604158725176,0.41,"G1_G3"
"b1ada5450306be8190fe085fc59a59542",0.000422962962962963,0.0015863640592207,0.266624146269894,76.1333333333333,0,0.985351032580667,0.41,"G1_G3"
"e5d84d0b9dd8040fcdac521fada728a82",0.000367037037037037,0.00058289622704132,0.629678182856069,66.0666666666667,0,0.98599915166192,0.17,"G1_G3"
"3fbe30c40b6233edc057fe6d61dc7d7d2",0.00035968253968254,0.00107105951523995,0.335819377508598,12.2,54.2857142857143,0.98663428406993,0.23,"G1_G3"
"bbde64bb39e1bcd06e22178c3b164a752",0.00031537037037037,0.000500821223911723,0.629706480702102,16.7333333333333,47.0714285714286,0.987191169435911,0.59,"G1_G3"
"2f17938c3dd36d203bc84e2d9478506b2",0.000289761904761905,0.000865368462106787,0.334842229004352,9.6,43.9285714285714,0.987702835018798,0.05,"G1_G3"
"d6861de89e8c6f692a58a6a6e2a0e3c12",0.000277777777777778,0.000971091846859461,0.286046864337415,1.66666666666667,48.5714285714286,0.988193338864348,0.28,"G1_G3"
"e26286d6540544a2832f60dfdf8595862",0.000256402116402116,0.000835078548558526,0.307039519629268,42.4,5.14285714285714,0.988646097271117,0.29,"G1_G3"
"6c0daa89686e1183f155306637ce7ac42",0.000241851851851852,0.000776817234268596,0.311336877173644,43.5333333333333,0,0.989073162619309,0.59,"G1_G3"
"fef04cf977569f3ccadd9511eee52ad52",0.000233703703703704,0.000548249280630423,0.426272704699168,42.0666666666667,0,0.989485839854699,0.7,"G1_G3"
"860584d8b227992f389bc4f1f068c20e2",0.000223015873015873,0.000471963326829732,0.472527970581768,20.3333333333333,22.7142857142857,0.989879644370698,0.24,"G1_G3"
"f1182280951cffb95bcbd92043756d942",0.000216296296296296,0.00042483262743881,0.509132967494241,38.9333333333333,0,0.990261583365099,0.44,"G1_G3"
"a0b7d7ad0d2e67087cc5d0a04dab7b412",0.00019047619047619,0.000688412705329747,0.276688952719071,0,34.2857142857143,0.990597928859191,0.24,"G1_G3"
"8745a29941fca9db8eff9653b35baf422",0.000189285714285714,0.000684110125921436,0.276688952719071,0,34.0714285714286,0.990932172193944,0.01,"G1_G3"
"fdaa0076de7e870bf7067cee4efa1ad02",0.000182936507936508,0.000661163035743778,0.276688952719071,0,32.9285714285714,0.991255204012228,0.01,"G1_G3"
"b212c07c7a19c7ac62501eb81de4309f2",0.000149920634920635,0.000520895267576539,0.287813394078505,1.06666666666667,26.0714285714286,0.991519935944869,0.07,"G1_G3"
"d915961fff71b0b410365e024d4db38d2",0.000147037037037037,0.00048462208592728,0.303405563441656,26.4666666666667,0,0.991779575980447,0.53,"G1_G3"
"fec95878e9323087b609f4cd86b3cc8b2",0.000145925925925926,0.000310488922413317,0.469987543490109,26.2666666666667,0,0.992037254000643,0.52,"G1_G3"
"b35e61c24debef5636f49b6fed9ad82d2",0.000141851851851852,0.000325014089460147,0.436448315479091,25.5333333333333,0,0.992287737964437,0.76,"G1_G3"
"202584e0410e749e15eaa0b3dc36620f2",0.00014,0.000303155866241794,0.461808645617095,25.2,0,0.992534951902594,0.49,"G1_G3"
"bdf0ea93b3ca780772bb33c8736106382",0.000138888888888889,0.000354001287862262,0.392340066691874,25,0,0.99278020382537,0.15,"G1_G3"
"b50f15e9131393d6ed0fb41d6e039af62",0.000135555555555556,0.000303241783373679,0.447021363769362,24.4,0,0.993019569701998,0.02,"G1_G3"
"30296c3ec9a0b374e24bbb6c45931eea2",0.000122222222222222,0.000429534597517921,0.284545698829587,22,0,0.99323539139404,0.25,"G1_G3"
"27fe959fc5676ff4d01c6c377a721dba2",0.000114074074074074,0.000298057256022006,0.382725371616693,20.5333333333333,0,0.993436824973279,0.03,"G1_G3"
"cf12592db84b8fe64eff91c601ee388a2",0.000113888888888889,0.000212536980829722,0.535854459041803,19.4666666666667,1.92857142857143,0.993637931549955,0.53,"G1_G3"
"58b0b02468dbe1a3d123dcc7acedd4fb2",0.000111851851851852,0.000242252590006134,0.461715814262377,20.1333333333333,0,0.99383544109843,0.45,"G1_G3"
"4e75934a4bf4dfd06f7ef1ec24c6c72c2",0.000107407407407407,0.000271384879625817,0.39577520883072,19.3333333333333,0,0.994025102585376,0.5,"G1_G3"
"7588fbabbc6b11e0a6fca04227ad87c42",0.000107407407407407,0.000327692540360827,0.327768850914762,19.3333333333333,0,0.994214764072322,0.08,"G1_G3"
"7f9ee874b3f3cfa66c521ee9b16a71e02",0.000106666666666667,0.000236013317459154,0.451951897524287,19.2,0,0.994403117549013,0.85,"G1_G3"
"1991586b6583c5d8e5e5db978e7249c32",1e-04,0.000269245899873364,0.371407698490612,18,0,0.994579698933411,0.75,"G1_G3"
"4b92a12c127f465eb0ed54ded1e3e3292",9.44444444444444e-05,0.000178931992125867,0.527823131695805,17,0,0.994746470240898,0.44,"G1_G3"
"aed55ba99c56a108bd2dd2770cdcadd52",9.44179894179894e-05,0.000203588442135975,0.463768907642255,15.0666666666667,2.78571428571429,0.994913194833733,0.48,"G1_G3"
"13dc453cc5164973a2f36519c8329a692",9.37037037037037e-05,0.000351444927305462,0.266624146269894,16.8666666666667,0,0.995078658130965,0.27,"G1_G3"
"82080588026ce46c2e5cf3ff5e56fc662",9.33333333333333e-05,0.000309513441550322,0.301548562368845,16.8,0,0.99524346742307,0.46,"G1_G3"
"a8703b4c215413b89a7475cdd6420ff02",8.92592592592593e-05,0.000228765014335069,0.390178802115793,16.0666666666667,0,0.995401082658774,0.17,"G1_G3"
"707719bd2799b834ba0e74112fa489a02",8.55555555555556e-05,0.000270714668178755,0.316035906480925,15.4,0,0.995552157843203,0.73,"G1_G3"
"8e9cbcdfe6b4966c401f2bd895f109a42",8.51851851851852e-05,0.000319495388459511,0.266624146269894,15.3333333333333,0,0.995702579022505,0.22,"G1_G3"
"29bf965f923ca78447764713e8f2c56a2",8.25925925925926e-05,0.000211193731093242,0.391075019912064,14.8666666666667,0,0.995848422165915,0.68,"G1_G3"
"dab2e128ae196cc61b441897b5b0b17c2",8.22222222222222e-05,0.000308382505382659,0.266624146269894,14.8,0,0.995993611304199,0.36,"G1_G3"
"317c006ea69cfd1f8362967a2bc37fc42",8.14814814814815e-05,0.000305604284613445,0.266624146269894,14.6666666666667,0,0.996137492432226,0.19,"G1_G3"
"83ed7de6a0f63ad7ef724503e04498c02",7.92592592592593e-05,0.000186529130027114,0.424916254355222,14.2666666666667,0,0.99627744952949,0.7,"G1_G3"
"1f6eef91cea08599638ee46a4c7e7c992",7.66666666666667e-05,0.000179292128099085,0.427607544622913,13.8,0,0.996412828590862,0.46,"G1_G3"
"b2f917933d93ce136305d2932a9ed3862",7.22222222222222e-05,0.000261023150770862,0.276688952719072,0,13,0.996540359590705,0.01,"G1_G3"
"850dd59997cd860e8fe18e3268e86e702",7.03703703703704e-05,0.000234488251708734,0.300101902153204,12.6666666666667,0,0.996664620564911,0.55,"G1_G3"
"88a077c9e28abbb58af146d986d1af122",7e-05,0.000238406656924265,0.293615962335469,12.6,0,0.99678822753399,0.13,"G1_G3"
"078cdbc288edeac9b14375fd53e917e02",6.96296296296296e-05,0.000170541639329723,0.408285213530805,12.5333333333333,0,0.996911180497941,0.03,"G1_G3"
"ad953ff4d9c0f21e967986d390bd2a112",6.96296296296296e-05,0.000134128557742808,0.519126059367196,12.5333333333333,0,0.997034133461892,0.01,"G1_G3"
"eb6cbd27c7d568fe500ff82ee43b962f2",6.85185185185185e-05,0.000158211298497722,0.433082334631776,10.8666666666667,2.14285714285714,0.997155124410461,0.05,"G1_G3"
"c7f49d329f25df14c44c5de7bfb321122",6.62962962962963e-05,0.000133380433526248,0.497046639777562,11.9333333333333,0,0.997272191328266,0.76,"G1_G3"
"b1027ab906ae1c9f582c251f422ba3202",6.59259259259259e-05,0.00019891320684877,0.331430612227011,11.8666666666667,0,0.997388604240943,0.48,"G1_G3"
"9104a5eda258f5144a21611e01ac30c52",6.18518518518518e-05,0.000124304590916733,0.497583004744242,11.1333333333333,0,0.997497823097219,0.01,"G1_G3"
"d318864ec594447d73618719d2eb4c4c2",6e-05,0.000225035882306264,0.266624146269894,10.8,0,0.997603771927858,0.22,"G1_G3"
"bf92f0a438a965108ff1b102694534012",5.96296296296296e-05,0.000223646771921658,0.266624146269894,10.7333333333333,0,0.997709066753369,0.25,"G1_G3"
"2ed42e281d82ea47653ea7a0415531912",5.51851851851852e-05,0.000173266912031838,0.318498116795923,9.93333333333333,0,0.997806513517352,0.1,"G1_G3"
"98178a0328a8d69c28edd1a61f9e14d82",5.03703703703704e-05,0.000165304135768182,0.304713310022736,9.06666666666667,0,0.997895458214678,0.09,"G1_G3"
"e73096ccb9c6b2d19edd28aba6202d7c2",4.88888888888889e-05,0.00013647157403367,0.358234960174397,8.8,0,0.997981786891495,0.53,"G1_G3"
"aa0fccbbfb498555916e03c270754a342",4.48148148148148e-05,9.9461800173832e-05,0.450573131961123,8.06666666666667,0,0.998060921511911,0.03,"G1_G3"
"bea115d6c60b0df4f91b6fff8b7901ce2",4.2962962962963e-05,0.000161136804614362,0.266624146269894,7.73333333333333,0,0.998136786106689,0.26,"G1_G3"
"c927be1b570578a424ca689761f946272",4.03703703703704e-05,0.000151413031922116,0.266624146269894,7.26666666666667,0,0.998208072665576,0.22,"G1_G3"
"132f268a71872efe8a4c6aea3cb82fe92",3.85185185185185e-05,0.000144467479999083,0.266624146269894,6.93333333333333,0,0.998276089198825,0.49,"G1_G3"
"b37560fba4127cf6dde95d8884e33f3c2",3.77777777777778e-05,0.0001006547177312,0.375320487994053,6.8,0,0.99834279772182,0.09,"G1_G3"
"1c0b7d810b0b28e6490830cc204d61a82",3.74074074074074e-05,0.000140300148845264,0.266624146269894,6.73333333333333,0,0.998408852239687,0.22,"G1_G3"
"d71eb8ea50f2ef8487a0dc1559746e8f2",3.37037037037037e-05,0.000126409044999198,0.266624146269894,6.06666666666667,0,0.998468366706281,0.27,"G1_G3"
"a165bf51d50346e911f950396eded7412",2.81481481481481e-05,8.69276821213761e-05,0.323811097468873,5.06666666666667,0,0.998518071095963,0.6,"G1_G3"
"112b8e495108a34b906472ab88df2e8c2",2.77777777777778e-05,0.000104183278845493,0.266624146269894,5,0,0.998567121480518,0.73,"G1_G3"
"210bc7b4072ff6d3d85b96ca745936452",2.61904761904762e-05,9.46567469828402e-05,0.276688952719071,0,4.71428571428571,0.998613368985956,0.01,"G1_G3"
"60c6622e553962a5dcb78fbe549ab7fa2",2.59259259259259e-05,7.29401063985289e-05,0.355441295688168,4.66666666666667,0,0.998659149344874,0.11,"G1_G3"
"9b014499e32815d4eea28f430878b6712",2.2962962962963e-05,6.8108919358149e-05,0.337150599060496,4.13333333333333,0,0.998699697662773,0.11,"G1_G3"
"426a4453ab2973d926b156da5710819a2",2.25925925925926e-05,6.57803329149164e-05,0.343455126957399,4.06666666666667,0,0.998739591975544,0.77,"G1_G3"
"3f98d23eb2352e0000bc95ca0f2e54ff2",2.03703703703704e-05,7.64010711533613e-05,0.266624146269894,3.66666666666667,0,0.998775562257551,0.27,"G1_G3"
"a2794d9a683656c92fe04e0f5fe1e4492",2e-05,5.42896714030637e-05,0.368394198806504,3.6,0,0.998810878534431,0.49,"G1_G3"
"0343e81e103065e65dcaa2637ec66d2b2",2e-05,7.50119607687548e-05,0.266624146269894,3.6,0,0.99884619481131,0.27,"G1_G3"
"3feda796315faa84c5366c52d7dc744b2",2e-05,7.50119607687548e-05,0.266624146269894,3.6,0,0.99888151108819,0.27,"G1_G3"
"35f2f16241413259e916d3ad617b84182",1.96296296296296e-05,7.36228503841482e-05,0.266624146269894,3.53333333333333,0,0.998916173359942,0.22,"G1_G3"
"e014f641a0b6637a8f4d8d284864cf412",1.88888888888889e-05,7.08446296149351e-05,0.266624146269894,3.4,0,0.99894952762144,0.22,"G1_G3"
"a0481ee991e274f24b9a0cfb805bdbbe2",1.85185185185185e-05,6.94555192303285e-05,0.266624146269894,3.33333333333333,0,0.998982227877809,0.22,"G1_G3"
"5031d3b48403eb538f2d9db5530d6b662",1.85185185185185e-05,6.94555192303285e-05,0.266624146269894,3.33333333333333,0,0.999014928134179,0.22,"G1_G3"
"5ac7ed6d0ed5ddd5769ba5ec553468bb2",1.77777777777778e-05,4.70426111694371e-05,0.377907971854414,3.2,0,0.999046320380295,0.07,"G1_G3"
"8078b05f1696ab50d1a08b8ff5d026d12",1.74074074074074e-05,6.52881880765088e-05,0.266624146269894,3.13333333333333,0,0.999077058621282,0.26,"G1_G3"
"3206015154602ad2f550885ff96e466e2",1.74074074074074e-05,6.52881880765088e-05,0.266624146269894,3.13333333333333,0,0.99910779686227,0.76,"G1_G3"
"73a9c88945a6856ecee1788f675c8c9f2",1.7037037037037e-05,6.38990776919022e-05,0.266624146269894,3.06666666666667,0,0.999137881098131,0.27,"G1_G3"
"8e9d54743a37f15f6bb1e791952e39872",1.66666666666667e-05,6.25099673072956e-05,0.266624146269894,3,0,0.999167311328864,0.27,"G1_G3"
"07504cf84550d0b2f34a55b8f680cf7e2",1.62962962962963e-05,6.11208569226891e-05,0.266624146269894,2.93333333333333,0,0.999196087554469,0.22,"G1_G3"
"89ab06a3f840f6f974b9fa289af4974a2",1.59259259259259e-05,4.27927172534077e-05,0.372164399648113,2.86666666666667,0,0.999224209774947,0.07,"G1_G3"
"8ddf8ae3826f084467066355b1b1c18a2",1.59259259259259e-05,5.97317465380825e-05,0.266624146269894,2.86666666666667,0,0.999252331995426,0.59,"G1_G3"
"40d5327bed1fddfb379c33d12322d3612",1.59259259259259e-05,5.97317465380825e-05,0.266624146269894,2.86666666666667,0,0.999280454215904,0.63,"G1_G3"
"027bf31d5dffac4119349d436f1cab762",1.55555555555556e-05,5.83426361534759e-05,0.266624146269894,2.8,0,0.999307922431255,0.27,"G1_G3"
"51f15bf76a4dcfa2c7abed002ebe70bc2",1.51851851851852e-05,5.69535257688694e-05,0.266624146269894,2.73333333333333,0,0.999334736641478,0.22,"G1_G3"
"1f9077ccef6468636305a51b2aed42ba2",1.51851851851852e-05,5.69535257688694e-05,0.266624146269894,2.73333333333333,0,0.999361550851702,0.27,"G1_G3"
"cdfc4f0ac2f21b78873017c5a368b99b2",1.48148148148148e-05,5.55644153842628e-05,0.266624146269894,2.66666666666667,0,0.999387711056798,0.22,"G1_G3"
"076c61006330e0bfe32b4ca22c3778ce2",1.44444444444444e-05,5.41753049996562e-05,0.266624146269894,2.6,0,0.999413217256766,0.22,"G1_G3"
"dd9b21267e54cffd2e68a96e49c570452",1.40740740740741e-05,5.27861946150497e-05,0.266624146269894,2.53333333333333,0,0.999438069451607,0.22,"G1_G3"
"bc2d8c4af67fdd3f95764063f23a4ac32",1.40740740740741e-05,5.27861946150497e-05,0.266624146269894,2.53333333333333,0,0.999462921646449,0.27,"G1_G3"
"b43f947a248adca972f00fa6ed458dcb2",1.37037037037037e-05,5.13970842304431e-05,0.266624146269894,2.46666666666667,0,0.999487119836162,0.27,"G1_G3"
"adf021246bf5a52687193edea42671ef2",1.33333333333333e-05,5.00079738458365e-05,0.266624146269894,2.4,0,0.999510664020749,0.56,"G1_G3"
"02bc1896cf439ea5a251b96edbc44d882",1.33333333333333e-05,5.00079738458365e-05,0.266624146269894,2.4,0,0.999534208205335,0.27,"G1_G3"
"2bc13c74b7a9fd18f2b809c25ca134ce2",1.33333333333333e-05,5.00079738458365e-05,0.266624146269894,2.4,0,0.999557752389922,0.27,"G1_G3"
"f15f07245f54c66679495fae9d7328632",1.25925925925926e-05,4.72297530766234e-05,0.266624146269894,2.26666666666667,0,0.999579988564253,0.22,"G1_G3"
"f7f640f0a3598e296a8b9c160258f9192",1.25925925925926e-05,4.72297530766234e-05,0.266624146269894,2.26666666666667,0,0.999602224738585,0.59,"G1_G3"
"d26c7eda8a0051d840633afa3d3d528d2",1.22222222222222e-05,4.58406426920168e-05,0.266624146269894,2.2,0,0.999623806907789,0.22,"G1_G3"
"9e05df9739667289c16f6685650413f62",1.22222222222222e-05,4.58406426920168e-05,0.266624146269894,2.2,0,0.999645389076993,0.27,"G1_G3"
"38fe7cdad46ee97cd12b232f8cd2aca72",1.14814814814815e-05,4.30624219228037e-05,0.266624146269894,2.06666666666667,0,0.999665663235943,0.6,"G1_G3"
"890a2c4a189eef22063b3d686c541a712",1.07407407407407e-05,4.02842011535905e-05,0.266624146269894,1.93333333333333,0,0.999684629384637,0.22,"G1_G3"
"30be3f21e278e5b6e83bba62d455fa912",1.07407407407407e-05,4.02842011535905e-05,0.266624146269894,1.93333333333333,0,0.999703595533332,0.58,"G1_G3"
"173ca1552c607c680889b30f43d7f0262",9.25925925925926e-06,3.47277596151642e-05,0.266624146269894,1.66666666666667,0,0.999719945661517,0.27,"G1_G3"
"705158eef551ec080dd66226b645c0fe2",9.25925925925926e-06,3.47277596151642e-05,0.266624146269894,1.66666666666667,0,0.999736295789702,0.61,"G1_G3"
"972ea83ac654db049e792d82c24637952",8.88888888888889e-06,3.33386492305577e-05,0.266624146269894,1.6,0,0.99975199191276,0.27,"G1_G3"
"799c62de1cb7a2e0b684a84f71727fe52",8.88888888888889e-06,3.33386492305577e-05,0.266624146269894,1.6,0,0.999767688035817,0.27,"G1_G3"
"f097d2fe71a217b7141c07a95c81156c2",8.51851851851852e-06,3.19495388459511e-05,0.266624146269894,1.53333333333333,0,0.999782730153747,0.22,"G1_G3"
"7fc609ab114eea9bd59352810ca76b812",8.51851851851852e-06,3.19495388459511e-05,0.266624146269894,1.53333333333333,0,0.999797772271677,0.22,"G1_G3"
"5ecb86f928e969dfb9be100707b8401b2",8.14814814814815e-06,3.05604284613445e-05,0.266624146269894,1.46666666666667,0,0.99981216038448,0.27,"G1_G3"
"4a60afc8d30211637a46548f1397a6a32",7.40740740740741e-06,2.77822076921314e-05,0.266624146269894,1.33333333333333,0,0.999825240487028,0.27,"G1_G3"
"5ca129736d688e118ec61cd434564e522",7.40740740740741e-06,2.77822076921314e-05,0.266624146269894,1.33333333333333,0,0.999838320589576,0.22,"G1_G3"
"513ceaf783e8c8bf475e73597ea86e842",7.03703703703704e-06,2.63930973075248e-05,0.266624146269894,1.26666666666667,0,0.999850746686997,0.27,"G1_G3"
"a31a10ce6c2ec7680bb90c065d9e5bf82",7.03703703703704e-06,2.63930973075248e-05,0.266624146269894,1.26666666666667,0,0.999863172784417,0.27,"G1_G3"
"2baed607df0180fb011d8d4d05fb88192",7.03703703703704e-06,2.63930973075248e-05,0.266624146269894,1.26666666666667,0,0.999875598881838,0.22,"G1_G3"
"f9282cf29faf2398e93e8d9cff5c232d2",7.03703703703704e-06,2.63930973075248e-05,0.266624146269894,1.26666666666667,0,0.999888024979259,0.22,"G1_G3"
"5573912ea4b8e8d161307c8fd9b4bf4f2",7.03703703703704e-06,2.63930973075248e-05,0.266624146269894,1.26666666666667,0,0.999900451076679,0.19,"G1_G3"
"062a74c18b8837d87c59a6f1c09714bb2",7.03703703703704e-06,2.63930973075248e-05,0.266624146269894,1.26666666666667,0,0.9999128771741,0.27,"G1_G3"
"f6eaae49255d7f406d993b58cb0d01102",6.66666666666667e-06,2.50039869229183e-05,0.266624146269894,1.2,0,0.999924649266393,0.27,"G1_G3"
"47880c5414c7736dbd571762504cf7902",6.2962962962963e-06,2.36148765383117e-05,0.266624146269894,1.13333333333333,0,0.999935767353559,0.27,"G1_G3"
"8623e5254d0b3aa394bee4c45caf09b82",5.92592592592593e-06,2.22257661537051e-05,0.266624146269894,1.06666666666667,0,0.999946231435597,0.27,"G1_G3"
"24ff1c1972e97418aad5ca65adbe81db2",4.81481481481481e-06,1.80584349998854e-05,0.266624146269894,0.866666666666667,0,0.999954733502254,0.22,"G1_G3"
"a4a5ac8564fbf1db869ad667f4315eff2",4.07407407407407e-06,1.52802142306723e-05,0.266624146269894,0.733333333333333,0,0.999961927558655,0.58,"G1_G3"
"568a6c846373e750ffea73ecc60e0ce22",4.07407407407407e-06,1.52802142306723e-05,0.266624146269894,0.733333333333333,0,0.999969121615056,0.27,"G1_G3"
"96f24210730503524690942a9f92209d2",3.33333333333333e-06,1.25019934614591e-05,0.266624146269894,0.6,0,0.999975007661203,0.27,"G1_G3"
"8b12eed8391d6efd6c1de53ed3effc172",2.96296296296296e-06,1.11128830768526e-05,0.266624146269894,0.533333333333333,0,0.999980239702222,0.27,"G1_G3"
"b43ce90dec6cb8ae947431e0b474a9a22",2.96296296296296e-06,1.11128830768526e-05,0.266624146269894,0.533333333333333,0,0.999985471743241,0.27,"G1_G3"
"ae433a296aec19de408365cd099aa0142",2.59259259259259e-06,9.72377269224599e-06,0.266624146269894,0.466666666666667,0,0.999990049779133,0.22,"G1_G3"
"eabcda47bfc6fe69e3435755065569942",2.59259259259259e-06,9.72377269224599e-06,0.266624146269894,0.466666666666667,0,0.999994627815025,0.27,"G1_G3"
"f5b3f90bede327e1f2882eb30428f15c2",1.85185185185185e-06,6.94555192303285e-06,0.266624146269894,0.333333333333333,0,0.999997897840662,0.28,"G1_G3"
"958194b71dba50f260d4b31057cc2ca12",1.19047619047619e-06,4.30257940831092e-06,0.276688952719071,0,0.214285714285714,1,0.43,"G1_G3"
"dfbeb16dc2a296d2c4e5c21e28455dd22",0,0,NA,0,0,1,NA,"G1_G3"
"a6577b0941775769269b8dd91a1d44ec2",0,0,NA,0,0,1,NA,"G1_G3"
"6d04abd9e6bdf4989949634a5735a0022",0,0,NA,0,0,1,NA,"G1_G3"
"028fdac2f188769b60fd4cf260372fcb2",0,0,NA,0,0,1,NA,"G1_G3"
"ba02393d479f25f873c620ca971724ab2",0,0,NA,0,0,1,NA,"G1_G3"
"bf9be3c104ea0c19d3f4b41dd1862a892",0,0,NA,0,0,1,NA,"G1_G3"
"050d101aa8c55d897943814d09a3a7a72",0,0,NA,0,0,1,NA,"G1_G3"
"21d86b5d037137872916eda48e650a622",0,0,NA,0,0,1,NA,"G1_G3"
"0c1588fa28cc4e51970a81953867347f2",0,0,NA,0,0,1,NA,"G1_G3"
"990d16ab4495e7a080cc7ea6d3b6602e2",0,0,NA,0,0,1,NA,"G1_G3"
"61c080a2b30136df6c80642b1926c78e2",0,0,NA,0,0,1,NA,"G1_G3"
"f678158684fc17d8c7b44b7e124491e52",0,0,NA,0,0,1,NA,"G1_G3"
"fa5a3856d765788bbb43e6c6e8f7ee9d2",0,0,NA,0,0,1,NA,"G1_G3"
"7c3e00a2d5669e7cabe93dd93966e6312",0,0,NA,0,0,1,NA,"G1_G3"
"a063c1fd8d50459e48db5f05822decf92",0,0,NA,0,0,1,NA,"G1_G3"
"ae16f3705ee4d4b892616eb6d9a1c1332",0,0,NA,0,0,1,NA,"G1_G3"
"2ff230d0d0aadceb0c1c35269abda2392",0,0,NA,0,0,1,NA,"G1_G3"
"2746217519099fbc4088bc7b63a2a8c52",0,0,NA,0,0,1,NA,"G1_G3"
"68733d76fa8687dccbdd9d9e8f3870182",0,0,NA,0,0,1,NA,"G1_G3"
"db6059a25d4ae6b88b9cdaaee17553642",0,0,NA,0,0,1,NA,"G1_G3"
"bb4e56f75b6a7bb46a5af5792a0f003c2",0,0,NA,0,0,1,NA,"G1_G3"
"d8ec63d34841f558e0adca3e1f9c4f622",0,0,NA,0,0,1,NA,"G1_G3"
"1355ee0e4102eda4798184a58389797f3",0.294479930555556,0.1588526623747,1.85379285529971,55398.9333333333,3473.6875,0.33305471288148,0.01,"G0_G2"
"cdecb1c00aad4c9ee55bdae8d8c154d73",0.106663425925926,0.175640791861349,0.607281627437242,19353,2021.5,0.453690291101343,0.01,"G0_G2"
"5f92ec0b039c9127715e033a44803b163",0.0714491666666667,0.0231227432702247,3.08999524112142,11.4,12872.25,0.534498791853479,0.01,"G0_G2"
"1a2518325e43623283d3ad6996e6a6dc3",0.066661875,0.0474013215935412,1.40632946000145,13974.6,9172.5625,0.609892899684123,0.01,"G0_G2"
"cba990f8b3d42525af59136619c453533",0.0494800694444444,0.0106496017061254,4.64618967073526,11.4,8917.8125,0.665854507292103,0.01,"G0_G2"
"1342e1df4714070ba6c899351d5fbe983",0.0343892361111111,0.0190657505872345,1.80371792622402,0,6190.0625,0.704748489430688,0.01,"G0_G2"
"ad4cd5d588129069899b6d0c45e641023",0.031075162037037,0.0156913001412705,1.98040708910441,378.266666666667,5905.5625,0.739894277296317,0.01,"G0_G2"
"f36c161e4341ca7c0fd5d7615f7367063",0.0203346990740741,0.00953715679277871,2.13215526554738,29.0666666666667,3689.3125,0.762892677726765,0.8,"G0_G2"
"e17563b3df444656591db2ee65e212f13",0.0160194212962963,0.0102097895762731,1.56902560788563,0.933333333333333,2884.3125,0.78101052959633,0.13,"G0_G2"
"aa935103e3f612d4a45a649b5acab4e03",0.0130071990740741,0.00828813730272608,1.56937543370521,0.266666666666667,2341.5625,0.795721579496523,0.37,"G0_G2"
"0cb1a8f2800668e33b9ea3ba43e1fec63",0.01235,0.00927434077817249,1.33163103398855,0,2223,0.809689341905073,0.02,"G0_G2"
"dc37dab042e0f652bba8cacb048bbc873",0.0115783564814815,0.011361001747656,1.01913165217762,0.666666666666667,2084.4375,0.822784380967002,0.74,"G0_G2"
"c3c6b35a7e7fd0a56aab3c29bd47737b3",0.00859168981481481,0.0127034734936205,0.67632603154794,54.7333333333333,1593.8125,0.832501521211641,0.82,"G0_G2"
"f1170c4937094648423f1d76f7e2d8df3",0.00830034722222222,0.0077868579034078,1.06594307038654,0,1494.0625,0.841889155050383,0.94,"G0_G2"
"a6684ce7c07660834ac05d6a898e43d53",0.00823305555555556,0.00570293750878826,1.44365172209381,0.733333333333333,1482.5,0.851200682491387,0.55,"G0_G2"
"58c0a8cf76f6b0cb40a42ccf770f67b03",0.00773875,0.00561404158496928,1.37846324842326,161.4,1455.625,0.859953153854882,0.98,"G0_G2"
"0fdeaf3282ab2f5a5a768cd83c4355d43",0.00754696759259259,0.00641830287095846,1.17585096003199,55.9333333333333,1405.3125,0.868488720675802,0.99,"G0_G2"
"341476ed2ddccd9b810f20810c2169b13",0.00748194444444444,0.00540586915092527,1.38404098130341,0,1346.75,0.876950746777338,0.55,"G0_G2"
"a2623a81506363cd410718d6f0a784c53",0.00677287037037037,0.00567324752481603,1.19382599485468,2.26666666666667,1220.25,0.884610815130151,0.61,"G0_G2"
"3b09c48d62fb18cfddc9cf9353cc5c0d3",0.00510509259259259,0.0049845618672857,1.02418080636093,11.3333333333333,921.75,0.890384638644886,0.68,"G0_G2"
"5f9c632fdbb71b06c495aed0fa3795ea3",0.00501388888888889,0.00799460975040132,0.627158678838226,12,905.25,0.896055311417588,0.16,"G0_G2"
"840e9b2c8fd818543742cadaaabbacd83",0.00501171296296296,0.00425428039711954,1.17804011375373,56.6666666666667,919.625,0.9017235232335,0.74,"G0_G2"
"6b5cefcaf2c763625299668325ee6e9f3",0.00486585648148148,0.00495828379773634,0.981359010491279,2.33333333333333,876.4375,0.907226772403333,0.09,"G0_G2"
"4888905151d87b45c37d8bfbc7c7baaa3",0.00482101851851852,0.00420052259159854,1.14771874532017,156.666666666667,917.5,0.912679310155065,0.65,"G0_G2"
"fc327e4ececc2f4066a4fc1054bbdcab3",0.00447131944444444,0.00397408557373071,1.12511906487382,6.86666666666667,808.0625,0.917736340734233,0.58,"G0_G2"
"0aa415e2ba6a661bead2121028d9370a3",0.00340386574074074,0.00562977940390732,0.604617960408591,29.0666666666667,612.8125,0.921586088745348,0.75,"G0_G2"
"27ca29a04c426a28399fb0ed50f163723",0.00297506944444444,0.00403150809099974,0.73795447690809,1.4,535.6875,0.924950871186558,1,"G0_G2"
"6784ec90ade80686afc929fe409b8ac23",0.00295631944444444,0.00447786170792441,0.660207848583775,7.86666666666667,529.1875,0.92829444751075,0.71,"G0_G2"
"4afd12be8b23a2d2b1932744ec60fdcd3",0.00284756944444444,0.00459895417973517,0.619177607159465,0,512.5625,0.931515028356244,0.71,"G0_G2"
"7f8923e6de6b6a07954cfbfc8ffa0e9b3",0.00269479166666667,0.00448678581763237,0.600606263859655,0,485.0625,0.934562818618636,0.03,"G0_G2"
"e1a2c54f302520b1bca56089503d77e03",0.00227881944444444,0.00372682685557,0.611463728463422,0,410.1875,0.937140147247946,0.57,"G0_G2"
"cd96dc701c49df0b227c915d9ce9bc753",0.00210451388888889,0.00491242901745187,0.428405964017475,0,378.8125,0.939520337530172,0.2,"G0_G2"
"f65f1bdf4c9a0c2a098c5550d734cc523",0.00200833333333333,0.00233563843103351,0.859864826100097,0,361.5,0.941791748286218,0.72,"G0_G2"
"609ec913c0ebb5d9e633a384d60b8fc13",0.00172569444444444,0.00218366806084594,0.790273244998564,0.466666666666667,310.625,0.943743496463526,0.02,"G0_G2"
"835c646a619cfb59f032918f6d6724b13",0.00161701388888889,0.00294206117556292,0.549619396877258,0,291.0625,0.94557232770331,0.34,"G0_G2"
"0f79094cae6cd434ba058b9fdd88d61d3",0.00160590277777778,0.00293101866324139,0.547899198977404,0,289.0625,0.947388592355231,0.63,"G0_G2"
"3c636322344866b001a6bb30722d72423",0.001553125,0.0050160315727775,0.30963222170071,1.4,278.6875,0.949145165714809,0.53,"G0_G2"
"7728dcc32fd62163bbcd131499f3644d3",0.00152395833333333,0.0027009302989698,0.564234602394075,0,274.3125,0.950868751781248,0.37,"G0_G2"
"01ed22048e8df4236768e3d7bea94c413",0.00150965277777778,0.00218727082990752,0.69019929180037,0.2,271.6875,0.952576158365816,0.09,"G0_G2"
"7e51b4b16965ac6a7d65eea594ecfeba3",0.00141944444444444,0.00302271028513227,0.469593282368552,0,255.5,0.954181539965179,0.56,"G0_G2"
"14569551c45f41dc37a8a789b6c34e933",0.00137553240740741,0.00211833857262215,0.649344927758515,0.133333333333333,247.5625,0.955737257362096,0.64,"G0_G2"
"9f872c9b2b6199958b38261da0c19fe13",0.00124340277777778,0.00197815359816921,0.628567356411834,0,223.8125,0.957143537085022,0.94,"G0_G2"
"7496671ed8f70f49b6f48d2368db56263",0.00115039351851852,0.00270838983707305,0.424751822197703,124.866666666667,95.3125,0.958444623995386,0.49,"G0_G2"
"c2a6b8375554b9e6a5eb75880d6e45043",0.00112777777777778,0.00240294401410312,0.469331691108381,1,202.375,0.959720132663374,0.17,"G0_G2"
"9b1614e795daf36d080a0409abbb79753",0.00111354166666667,0.00199120661901003,0.559229592768374,0,200.4375,0.960979540390663,0.9,"G0_G2"
"0dcefd65571849dd41395e1d88748cee3",0.00108680555555556,0.00258265642141457,0.420809189539928,0,195.625,0.962208709765909,0.3,"G0_G2"
"f6fae744fd0df8cf57216d09b74c0c543",0.00103333333333333,0.0014151145543459,0.730211791094868,0,186,0.96337740243707,0.6,"G0_G2"
"7d952f43664b4082d9801903c36533203",0.00102534722222222,0.00327239507646248,0.313332344739572,0,184.5625,0.964537062873205,0.5,"G0_G2"
"fdb513a85a39fafe95360eec69cadc503",0.000963634259259259,0.00151591746872013,0.63567725759691,52.0666666666667,148.1875,0.965626926385923,0.84,"G0_G2"
"efc1ec27585ebab02453b0b3ad210d4a3",0.000957893518518519,0.00176589299772799,0.542441427510587,27.2,157.8125,0.96671029716158,0.65,"G0_G2"
"fd4b547fa11d2644e71220f8141dbed23",0.000940439814814815,0.00160328185907648,0.586571730660336,11.9333333333333,163.3125,0.967773927922136,0.86,"G0_G2"
"7f9ee874b3f3cfa66c521ee9b16a71e03",0.000917361111111111,0.00194333455239975,0.472055164139543,0,165.125,0.968811456832488,0.09,"G0_G2"
"a921f7d48c056d2365fce6b17bdfbb713",0.000884027777777778,0.00339521070592701,0.260374938213564,0,159.125,0.969811285979254,0.76,"G0_G2"
"29bf965f923ca78447764713e8f2c56a3",0.000862152777777778,0.00231002774520065,0.37322182799276,0,155.1875,0.970786374656166,0.23,"G0_G2"
"8ba690413c85a2d1ca07752c7530803c3",0.000838888888888889,0.00177007972724909,0.473927177389133,0,151,0.971735152039743,0.67,"G0_G2"
"b35e61c24debef5636f49b6fed9ad82d3",0.000812847222222222,0.00255628846550066,0.317979458575315,0,146.3125,0.972654476483018,0.27,"G0_G2"
"566c5e9da9c7d5cef504e472c2abbd603",0.0007625,0.00152606429417982,0.499651294449428,0,137.25,0.973516858575044,0.5,"G0_G2"
"e8820a8b0ccb14b286019c21e8bfcf003",0.000702430555555556,0.00150511675559404,0.466695060662134,0,126.4375,0.974311302551441,0.62,"G0_G2"
"ec3ee7dacd24bb66173f5d85c5d6e2e43",0.000692013888888889,0.00136714022811836,0.506176231710575,4,122.5625,0.975093965351718,0.53,"G0_G2"
"68733d76fa8687dccbdd9d9e8f3870183",0.000632638888888889,0.002455320471328,0.257660413895672,0,113.875,0.975809475448107,0.29,"G0_G2"
"6d04abd9e6bdf4989949634a5735a0023",0.000628472222222222,0.0016795133375889,0.374199006436265,0,113.125,0.976520273074049,0.05,"G0_G2"
"1991586b6583c5d8e5e5db978e7249c33",0.000614583333333333,0.00178881418027366,0.343570249001108,0,110.625,0.977215362465162,0.26,"G0_G2"
"2e57b76efd5a2048c37546212f61eed83",0.000599305555555556,0.00162924263473523,0.367843035026486,0,107.875,0.977893172797966,0.64,"G0_G2"
"fef04cf977569f3ccadd9511eee52ad53",0.000563194444444444,0.00149413191122432,0.376937565025936,0,101.375,0.978530141720218,0.32,"G0_G2"
"426a4453ab2973d926b156da5710819a3",0.000560069444444444,0.0015640011385068,0.358100407125764,0,100.8125,0.979163576289634,0.16,"G0_G2"
"f7228aa155bf10d455d8e02ad5f5980c3",0.000548148148148148,0.00128546508839517,0.426420097361401,1.33333333333333,98,0.97978352795749,0.46,"G0_G2"
"c52225a74d118e32d0834853b27159b53",0.000546180555555556,0.00165980306714941,0.329063469254567,0,98.3125,0.980401254292079,0.7,"G0_G2"
"c7f49d329f25df14c44c5de7bfb321123",0.000527777777777778,0.0015068108199266,0.350261473303918,0,95,0.980998167215521,0.16,"G0_G2"
"bed31d2068628f5ea4b04ff895c03c913",0.000512523148148148,0.00091311389732738,0.56129158656797,2.46666666666667,91.4375,0.981577827261045,0.75,"G0_G2"
"707719bd2799b834ba0e74112fa489a03",0.000502430555555556,0.00138438549595766,0.362926769330239,0,90.4375,0.982146072655927,0.11,"G0_G2"
"1120c96058d65a55df61529e403b6a473",0.000491319444444444,0.00190684877438481,0.257660413895672,0,88.4375,0.982701751462947,0.67,"G0_G2"
"98efba6e4e3e6a0f52c2727c91619f723",0.000480208333333333,0.00123460701811997,0.388956426041207,0.4,86.1875,0.983244863682106,0.71,"G0_G2"
"bbde64bb39e1bcd06e22178c3b164a753",0.000467291666666667,0.00120628647834445,0.387380340454444,2.93333333333333,82.1875,0.983773367242874,0.38,"G0_G2"
"e48f184a1738f2ab51d3dd37db99ee473",0.000464444444444444,0.00125258715683346,0.370788125928547,4.8,80,0.984298650615504,0.68,"G0_G2"
"f0fe173a356d624ed9d087e5e114d9d83",0.000412152777777778,0.00159959681639206,0.257660413895672,0,74.1875,0.984764792484008,0.97,"G0_G2"
"59adeb7ec478fa7cb6a05ff40b9a34d23",0.000394444444444444,0.00100870801734158,0.3910392677199,0,71,0.985210906353106,0.69,"G0_G2"
"8c9a21b986cababce8e7b9a0fe2defea3",0.000379861111111111,0.00080406499346418,0.472425878752093,0,68.375,0.985640526575637,0.76,"G0_G2"
"6c0daa89686e1183f155306637ce7ac43",0.000373611111111111,0.00145001362631665,0.257660413895672,0,67.25,0.986063078092494,0.48,"G0_G2"
"9389cc5e24fcb8fd40794cda2f4a20f03",0.000371990740740741,0.00143568291809531,0.259103689298088,0.266666666666667,66.75,0.986483796981956,1,"G0_G2"
"4b92a12c127f465eb0ed54ded1e3e3293",0.000369722222222222,0.00143061141694476,0.258436510322145,0.2,66.375,0.986901950193062,0.53,"G0_G2"
"fec95878e9323087b609f4cd86b3cc8b3",0.000362824074074074,0.00138528575786306,0.261912801755622,1.06666666666667,64.375,0.987312301647537,0.5,"G0_G2"
"83ed7de6a0f63ad7ef724503e04498c03",0.000355902777777778,0.000966601876565982,0.368199965679958,0,64.0625,0.98771482516499,0.22,"G0_G2"
"c7913edfda262b47b71f8cb7246a75f33",0.000347199074074074,0.00134606974750653,0.25793542624164,0.0666666666666667,62.4375,0.988107504855284,0.64,"G0_G2"
"ec7d2fab65ba478da5c32c9a7594642e3",0.000337152777777778,0.00130851601408315,0.257660413895672,0,60.6875,0.98848882225572,0.73,"G0_G2"
"3206015154602ad2f550885ff96e466e3",0.000330833333333333,0.00109225973518096,0.302888885012797,1.06666666666667,58.75,0.98886299240931,0.23,"G0_G2"
"58b0b02468dbe1a3d123dcc7acedd4fb3",0.000329166666666667,0.00127752129902247,0.257660413895672,0,59.25,0.98923527757472,0.47,"G0_G2"
"e3e3014e2d09d44133f5a2cb53364b073",0.000321875,0.00124922177657577,0.257660413895672,0,57.9375,0.989599315916845,0.74,"G0_G2"
"30be3f21e278e5b6e83bba62d455fa913",0.000298263888888889,0.00115758522770074,0.257660413895672,0,53.6875,0.989936650259764,0.42,"G0_G2"
"adf021246bf5a52687193edea42671ef3",0.000279861111111111,0.0010861626234305,0.257660413895672,0,50.375,0.990253171191537,0.39,"G0_G2"
"30688358cee6df00f97a09297ddf54343",0.000279166666666667,0.000741532342790042,0.376472677666752,0,50.25,0.990568906711568,0.76,"G0_G2"
"56608e86a31ec3abf3104bac70d181453",0.000279166666666667,0.00101382719222815,0.275359221775383,0,50.25,0.9908846422316,0.64,"G0_G2"
"bb4e56f75b6a7bb46a5af5792a0f003c3",0.000266319444444444,0.00103360636745806,0.257660413895672,0,47.9375,0.991185847634416,0.28,"G0_G2"
"fa5a3856d765788bbb43e6c6e8f7ee9d3",0.000265625,0.00103091117484408,0.257660413895672,0,47.8125,0.99148626762549,0.34,"G0_G2"
"f678158684fc17d8c7b44b7e124491e53",0.000263541666666667,0.00102282559700217,0.257660413895672,0,47.4375,0.991784331381341,0.23,"G0_G2"
"0c1588fa28cc4e51970a81953867347f3",0.000257986111111111,0.000608921000768931,0.423677473408426,0,46.4375,0.99207611184326,0.03,"G0_G2"
"dcfdd81870b4fa980f817c07e08e49253",0.000256990740740741,0.000836041313984325,0.307390001477318,4.06666666666667,43.25,0.992366766548351,0.89,"G0_G2"
"202584e0410e749e15eaa0b3dc36620f3",0.000247569444444444,0.000960836166880826,0.257660413895672,0,44.5625,0.992646765834149,0.35,"G0_G2"
"f7f640f0a3598e296a8b9c160258f9193",0.000243402777777778,0.000944665011196997,0.257660413895672,0,43.8125,0.9929220526495,0.48,"G0_G2"
"cf12592db84b8fe64eff91c601ee388a3",0.000237152777777778,0.00078467105069247,0.302232097856154,0,42.6875,0.993190270759178,0.46,"G0_G2"
"a165bf51d50346e911f950396eded7413",0.000235416666666667,0.000913670296136326,0.257660413895672,0,42.375,0.993456525339503,0.53,"G0_G2"
"82080588026ce46c2e5cf3ff5e56fc663",0.000232291666666667,0.000901541929373454,0.257660413895672,0,41.8125,0.993719245566992,0.44,"G0_G2"
"68bcda32be34ff9e7cc262f6fe275be63",0.000230555555555556,0.000894803947838525,0.257660413895672,0,41.5,0.993980002265127,0.64,"G0_G2"
"f1182280951cffb95bcbd92043756d943",0.000225347222222222,0.000712113123955365,0.316448629637034,0,40.5625,0.994234868375202,0.47,"G0_G2"
"990d16ab4495e7a080cc7ea6d3b6602e3",0.000220486111111111,0.000855723654935939,0.257660413895672,0,39.6875,0.994484236603088,0.23,"G0_G2"
"40d5327bed1fddfb379c33d12322d3613",0.000215277777777778,0.000835509710331153,0.257660413895672,0,38.75,0.994727714242913,0.32,"G0_G2"
"a4a5ac8564fbf1db869ad667f4315eff3",0.000207986111111111,0.000807210187884453,0.257660413895672,0,37.4375,0.994962945059454,0.37,"G0_G2"
"050d101aa8c55d897943814d09a3a7a73",0.000201736111111111,0.00078295345435871,0.257660413895672,0,36.3125,0.995191107170322,0.22,"G0_G2"
"61c080a2b30136df6c80642b1926c78e3",0.000193402777777778,0.000750611142991052,0.257660413895672,0,34.8125,0.995409844340294,0.23,"G0_G2"
"c4d6b95f55599a9777faa913ffa99aad3",0.000173263888888889,0.00067245055718588,0.257660413895672,0,31.1875,0.995605804569766,0.85,"G0_G2"
"d915961fff71b0b410365e024d4db38d3",0.000172916666666667,0.000671102960878894,0.257660413895672,0,31.125,0.995801372093368,0.41,"G0_G2"
"112b8e495108a34b906472ab88df2e8c3",0.000167592592592593,0.000507941139620467,0.329944908021858,3.86666666666667,27.25,0.995990918126952,0.29,"G0_G2"
"aed55ba99c56a108bd2dd2770cdcadd53",0.000167013888888889,0.000648193823660137,0.257660413895672,0,30.0625,0.996179809650752,0.48,"G0_G2"
"bf9be3c104ea0c19d3f4b41dd1862a893",0.000161458333333333,0.000625196292590841,0.258252224536142,0,29.0625,0.996362417880621,0.22,"G0_G2"
"21d86b5d037137872916eda48e650a623",0.000160416666666667,0.000622589493827408,0.257660413895672,0,28.875,0.996543847992878,0.22,"G0_G2"
"b1027ab906ae1c9f582c251f422ba3203",0.000160069444444444,0.000621241897520422,0.257660413895672,0,28.8125,0.996724885399264,0.46,"G0_G2"
"e5d84d0b9dd8040fcdac521fada728a83",0.000159722222222222,0.000619894301213436,0.257660413895672,0,28.75,0.996905530099779,0.86,"G0_G2"
"a0b7d7ad0d2e67087cc5d0a04dab7b413",0.000158680555555556,0.000615851512292479,0.257660413895672,0,28.5625,0.997084996682682,0.6,"G0_G2"
"38fe7cdad46ee97cd12b232f8cd2aca73",0.000158333333333333,0.000614503915985493,0.257660413895672,0,28.5,0.997264070559715,0.35,"G0_G2"
"1f6eef91cea08599638ee46a4c7e7c993",0.000151041666666667,0.000586204393538793,0.257660413895672,0,27.1875,0.997434897613464,0.56,"G0_G2"
"b1ada5450306be8190fe085fc59a59543",0.000150671296296296,0.000583331174403626,0.258294606747764,0.0666666666666667,27.0625,0.99760530578095,0.65,"G0_G2"
"9e5949b0b1b6380b202751c0365485683",0.000143055555555556,0.000555209678478121,0.257660413895672,0,25.75,0.997767100599672,0.9,"G0_G2"
"850dd59997cd860e8fe18e3268e86e703",0.000123263888888889,0.000478396688979935,0.257660413895672,0,22.1875,0.997906511183766,0.43,"G0_G2"
"a2794d9a683656c92fe04e0f5fe1e4493",0.000121875,0.000473006303751992,0.257660413895672,0,21.9375,0.998044350944376,0.49,"G0_G2"
"8550561c2fdadd7f67c40b816b48c1ef3",0.000119097222222222,0.000462225533296106,0.257660413895672,0,21.4375,0.998179049058022,0.69,"G0_G2"
"e73096ccb9c6b2d19edd28aba6202d7c3",0.000117361111111111,0.000455487551761177,0.257660413895672,0,21.125,0.998311783642313,0.35,"G0_G2"
"4c65fe994172a674fb753d63c6f93f9a3",0.000116319444444444,0.00045144476284022,0.257660413895672,0,20.9375,0.998443340108993,0.67,"G0_G2"
"860584d8b227992f389bc4f1f068c20e3",0.000114930555555556,0.000271757533368456,0.4229158034038,0,20.6875,0.99857332575219,0.77,"G0_G2"
"1fec1ed0027d30ef5f80f65c663bafc53",0.000114930555555556,0.000446054377612277,0.257660413895672,0,20.6875,0.998703311395387,0.72,"G0_G2"
"705158eef551ec080dd66226b645c0fe3",0.000108680555555556,0.000421797644086534,0.257660413895672,0,19.5625,0.998826228332912,0.42,"G0_G2"
"d6861de89e8c6f692a58a6a6e2a0e3c13",0.000106666666666667,0.000399944208103502,0.266703866452949,19.2,0,0.998946867576386,0.62,"G0_G2"
"029bdcfeee7f09ec337010a17c9945d93",0.000106597222222222,0.000413712066244619,0.257660413895672,0,19.1875,0.999067428278687,0.93,"G0_G2"
"4e75934a4bf4dfd06f7ef1ec24c6c72c3",0.000106597222222222,0.000313132785645066,0.340421786248372,0,19.1875,0.999187988980987,0.54,"G0_G2"
"8ddf8ae3826f084467066355b1b1c18a3",9.96527777777778e-05,0.000386760140104905,0.257660413895672,0,17.9375,0.999300695565874,0.41,"G0_G2"
"3fbe30c40b6233edc057fe6d61dc7d7d3",8.54166666666667e-05,0.00033150869151849,0.257660413895672,0,15.375,0.999397301210063,0.71,"G0_G2"
"ae16f3705ee4d4b892616eb6d9a1c1333",7.95138888888889e-05,0.000308599554299732,0.257660413895672,0,14.3125,0.99948723085445,0.3,"G0_G2"
"d8ec63d34841f558e0adca3e1f9c4f623",7.74305555555556e-05,0.000300513976457818,0.257660413895672,0,13.9375,0.999574804263613,0.22,"G0_G2"
"7b4332d9b4fef3874246194bff33039e3",7.08333333333333e-05,0.000274909646625089,0.257660413895672,0,12.75,0.999654916261233,0.98,"G0_G2"
"9d73bb75b2b0d4355dd3834662ef61b43",7.08333333333333e-05,0.000274909646625089,0.257660413895672,0,12.75,0.999735028258853,0.95,"G0_G2"
"a6577b0941775769269b8dd91a1d44ec3",6.28472222222222e-05,0.000243914931564417,0.257660413895672,0,11.3125,0.999806108021447,0.27,"G0_G2"
"e26286d6540544a2832f60dfdf8595863",3.95833333333333e-05,5.51077372019538e-05,0.718289941542545,0,7.125,0.999850876490705,0.68,"G0_G2"
"028fdac2f188769b60fd4cf260372fcb3",2.77777777777778e-05,0.000107807704558858,0.257660413895672,0,5,0.99988229296036,0.23,"G0_G2"
"a8703b4c215413b89a7475cdd6420ff03",2.75e-05,9.80512900377767e-05,0.280465458327014,4.73333333333333,0.25,0.999913395265318,0.75,"G0_G2"
"8f09d0e9a896102f0926d8ddf73e7eb73",2.13888888888889e-05,6.32743369544939e-05,0.33803418444782,3.46666666666667,0.5,0.999937585946952,0.97,"G0_G2"
"db6059a25d4ae6b88b9cdaaee17553643",1.77777777777778e-05,6.66573680172503e-05,0.266703866452949,3.2,0,0.999957692487531,0.01,"G0_G2"
"bdf0ea93b3ca780772bb33c8736106383",1.74074074074074e-05,6.52686728502242e-05,0.266703866452949,3.13333333333333,0,0.999977380141848,0.92,"G0_G2"
"59470531649449e66a30d968901a47633",5.20833333333333e-06,2.0213944604786e-05,0.257660413895672,0,0.9375,0.999983270729909,0.97,"G0_G2"
"132f268a71872efe8a4c6aea3cb82fe93",3.7037037037037e-06,9.67826172965041e-06,0.382682738611729,0.666666666666667,0,0.999987459592529,0.52,"G0_G2"
"958194b71dba50f260d4b31057cc2ca13",2.96296296296296e-06,1.11095613362084e-05,0.266703866452949,0.533333333333333,0,0.999990810682626,0.27,"G0_G2"
"a063c1fd8d50459e48db5f05822decf93",2.22222222222222e-06,5.67741753704743e-06,0.391414266736827,0.4,0,0.999993324000198,0.01,"G0_G2"
"7c3e00a2d5669e7cabe93dd93966e6313",1.85185185185185e-06,6.94347583513024e-06,0.266703866452949,0.333333333333333,0,0.999995418431509,0.01,"G0_G2"
"2ff230d0d0aadceb0c1c35269abda2393",1.85185185185185e-06,6.94347583513024e-06,0.266703866452949,0.333333333333333,0,0.999997512862819,0.01,"G0_G2"
"ba02393d479f25f873c620ca971724ab3",7.40740740740741e-07,2.77739033405209e-06,0.266703866452949,0.133333333333333,0,0.999998350635343,0.01,"G0_G2"
"2746217519099fbc4088bc7b63a2a8c53",7.40740740740741e-07,2.77739033405209e-06,0.266703866452949,0.133333333333333,0,0.999999188407867,0.01,"G0_G2"
"dab2e128ae196cc61b441897b5b0b17c3",3.7037037037037e-07,1.38869516702605e-06,0.266703866452949,0.0666666666666667,0,0.999999607294129,0.59,"G0_G2"
"dfbeb16dc2a296d2c4e5c21e28455dd23",3.47222222222222e-07,1.34759630698573e-06,0.257660413895672,0,0.0625,1,0.24,"G0_G2"
"eb6cbd27c7d568fe500ff82ee43b962f3",0,0,NA,0,0,1,NA,"G0_G2"
"173ca1552c607c680889b30f43d7f0263",0,0,NA,0,0,1,NA,"G0_G2"
"513ceaf783e8c8bf475e73597ea86e843",0,0,NA,0,0,1,NA,"G0_G2"
"ae433a296aec19de408365cd099aa0143",0,0,NA,0,0,1,NA,"G0_G2"
"a31a10ce6c2ec7680bb90c065d9e5bf83",0,0,NA,0,0,1,NA,"G0_G2"
"890a2c4a189eef22063b3d686c541a713",0,0,NA,0,0,1,NA,"G0_G2"
"b212c07c7a19c7ac62501eb81de4309f3",0,0,NA,0,0,1,NA,"G0_G2"
"96f24210730503524690942a9f92209d3",0,0,NA,0,0,1,NA,"G0_G2"
"07504cf84550d0b2f34a55b8f680cf7e3",0,0,NA,0,0,1,NA,"G0_G2"
"317c006ea69cfd1f8362967a2bc37fc43",0,0,NA,0,0,1,NA,"G0_G2"
"f15f07245f54c66679495fae9d7328633",0,0,NA,0,0,1,NA,"G0_G2"
"13dc453cc5164973a2f36519c8329a693",0,0,NA,0,0,1,NA,"G0_G2"
"27fe959fc5676ff4d01c6c377a721dba3",0,0,NA,0,0,1,NA,"G0_G2"
"2baed607df0180fb011d8d4d05fb88193",0,0,NA,0,0,1,NA,"G0_G2"
"0343e81e103065e65dcaa2637ec66d2b3",0,0,NA,0,0,1,NA,"G0_G2"
"dd9b21267e54cffd2e68a96e49c570453",0,0,NA,0,0,1,NA,"G0_G2"
"51f15bf76a4dcfa2c7abed002ebe70bc3",0,0,NA,0,0,1,NA,"G0_G2"
"8078b05f1696ab50d1a08b8ff5d026d13",0,0,NA,0,0,1,NA,"G0_G2"
"8745a29941fca9db8eff9653b35baf423",0,0,NA,0,0,1,NA,"G0_G2"
"f6eaae49255d7f406d993b58cb0d01103",0,0,NA,0,0,1,NA,"G0_G2"
"d26c7eda8a0051d840633afa3d3d528d3",0,0,NA,0,0,1,NA,"G0_G2"
"89ab06a3f840f6f974b9fa289af4974a3",0,0,NA,0,0,1,NA,"G0_G2"
"514fc8efcc6a30607411c0c1aba9462b3",0,0,NA,0,0,1,NA,"G0_G2"
"9b014499e32815d4eea28f430878b6713",0,0,NA,0,0,1,NA,"G0_G2"
"02bc1896cf439ea5a251b96edbc44d883",0,0,NA,0,0,1,NA,"G0_G2"
"2f17938c3dd36d203bc84e2d9478506b3",0,0,NA,0,0,1,NA,"G0_G2"
"bf92f0a438a965108ff1b102694534013",0,0,NA,0,0,1,NA,"G0_G2"
"98178a0328a8d69c28edd1a61f9e14d83",0,0,NA,0,0,1,NA,"G0_G2"
"d71eb8ea50f2ef8487a0dc1559746e8f3",0,0,NA,0,0,1,NA,"G0_G2"
"568a6c846373e750ffea73ecc60e0ce23",0,0,NA,0,0,1,NA,"G0_G2"
"f097d2fe71a217b7141c07a95c81156c3",0,0,NA,0,0,1,NA,"G0_G2"
"aa0fccbbfb498555916e03c270754a343",0,0,NA,0,0,1,NA,"G0_G2"
"b0cbcd44ec19c09d0553954e1ea04a703",0,0,NA,0,0,1,NA,"G0_G2"
"4a60afc8d30211637a46548f1397a6a33",0,0,NA,0,0,1,NA,"G0_G2"
"8e9cbcdfe6b4966c401f2bd895f109a43",0,0,NA,0,0,1,NA,"G0_G2"
"73a9c88945a6856ecee1788f675c8c9f3",0,0,NA,0,0,1,NA,"G0_G2"
"fdaa0076de7e870bf7067cee4efa1ad03",0,0,NA,0,0,1,NA,"G0_G2"
"2ed42e281d82ea47653ea7a0415531913",0,0,NA,0,0,1,NA,"G0_G2"
"9104a5eda258f5144a21611e01ac30c53",0,0,NA,0,0,1,NA,"G0_G2"
"9e3c0d7bc15f6411f76c1e933b5e7be03",0,0,NA,0,0,1,NA,"G0_G2"
"b2f917933d93ce136305d2932a9ed3863",0,0,NA,0,0,1,NA,"G0_G2"
"7588fbabbc6b11e0a6fca04227ad87c43",0,0,NA,0,0,1,NA,"G0_G2"
"eabcda47bfc6fe69e3435755065569943",0,0,NA,0,0,1,NA,"G0_G2"
"027bf31d5dffac4119349d436f1cab763",0,0,NA,0,0,1,NA,"G0_G2"
"a0481ee991e274f24b9a0cfb805bdbbe3",0,0,NA,0,0,1,NA,"G0_G2"
"24ff1c1972e97418aad5ca65adbe81db3",0,0,NA,0,0,1,NA,"G0_G2"
"1c0b7d810b0b28e6490830cc204d61a83",0,0,NA,0,0,1,NA,"G0_G2"
"02c588455cf584b99ce7da25edbe2e5b3",0,0,NA,0,0,1,NA,"G0_G2"
"a4252c85e0f176a7da5dc802d28b6fda3",0,0,NA,0,0,1,NA,"G0_G2"
"076a3cdae4e19b9ebd3b1e867d50d50d3",0,0,NA,0,0,1,NA,"G0_G2"
"2bc13c74b7a9fd18f2b809c25ca134ce3",0,0,NA,0,0,1,NA,"G0_G2"
"51202c1296df14199a504c3624320f173",0,0,NA,0,0,1,NA,"G0_G2"
"47880c5414c7736dbd571762504cf7903",0,0,NA,0,0,1,NA,"G0_G2"
"d318864ec594447d73618719d2eb4c4c3",0,0,NA,0,0,1,NA,"G0_G2"
"b37560fba4127cf6dde95d8884e33f3c3",0,0,NA,0,0,1,NA,"G0_G2"
"078cdbc288edeac9b14375fd53e917e03",0,0,NA,0,0,1,NA,"G0_G2"
"04e58144a1e0bf97a313b3b84b6023763",0,0,NA,0,0,1,NA,"G0_G2"
"972ea83ac654db049e792d82c24637953",0,0,NA,0,0,1,NA,"G0_G2"
"35f2f16241413259e916d3ad617b84183",0,0,NA,0,0,1,NA,"G0_G2"
"60c6622e553962a5dcb78fbe549ab7fa3",0,0,NA,0,0,1,NA,"G0_G2"
"1f9077ccef6468636305a51b2aed42ba3",0,0,NA,0,0,1,NA,"G0_G2"
"8623e5254d0b3aa394bee4c45caf09b83",0,0,NA,0,0,1,NA,"G0_G2"
"4118c752bf241af040596d03c7a366ff3",0,0,NA,0,0,1,NA,"G0_G2"
"3f98d23eb2352e0000bc95ca0f2e54ff3",0,0,NA,0,0,1,NA,"G0_G2"
"3feda796315faa84c5366c52d7dc744b3",0,0,NA,0,0,1,NA,"G0_G2"
"8b12eed8391d6efd6c1de53ed3effc173",0,0,NA,0,0,1,NA,"G0_G2"
"076c61006330e0bfe32b4ca22c3778ce3",0,0,NA,0,0,1,NA,"G0_G2"
"bea115d6c60b0df4f91b6fff8b7901ce3",0,0,NA,0,0,1,NA,"G0_G2"
"ad953ff4d9c0f21e967986d390bd2a113",0,0,NA,0,0,1,NA,"G0_G2"
"b43f947a248adca972f00fa6ed458dcb3",0,0,NA,0,0,1,NA,"G0_G2"
"f5b3f90bede327e1f2882eb30428f15c3",0,0,NA,0,0,1,NA,"G0_G2"
"210bc7b4072ff6d3d85b96ca745936453",0,0,NA,0,0,1,NA,"G0_G2"
"9e05df9739667289c16f6685650413f63",0,0,NA,0,0,1,NA,"G0_G2"
"5ac7ed6d0ed5ddd5769ba5ec553468bb3",0,0,NA,0,0,1,NA,"G0_G2"
"cdfc4f0ac2f21b78873017c5a368b99b3",0,0,NA,0,0,1,NA,"G0_G2"
"b43ce90dec6cb8ae947431e0b474a9a23",0,0,NA,0,0,1,NA,"G0_G2"
"5a44d3b6635b35994d21f4c9c87ed91e3",0,0,NA,0,0,1,NA,"G0_G2"
"e014f641a0b6637a8f4d8d284864cf413",0,0,NA,0,0,1,NA,"G0_G2"
"799c62de1cb7a2e0b684a84f71727fe53",0,0,NA,0,0,1,NA,"G0_G2"
"7fc609ab114eea9bd59352810ca76b813",0,0,NA,0,0,1,NA,"G0_G2"
"5031d3b48403eb538f2d9db5530d6b663",0,0,NA,0,0,1,NA,"G0_G2"
"41a748491bbb6a2abeeddbe6ba3532323",0,0,NA,0,0,1,NA,"G0_G2"
"f9282cf29faf2398e93e8d9cff5c232d3",0,0,NA,0,0,1,NA,"G0_G2"
"5ca129736d688e118ec61cd434564e523",0,0,NA,0,0,1,NA,"G0_G2"
"c927be1b570578a424ca689761f946273",0,0,NA,0,0,1,NA,"G0_G2"
"61cafc87e9a8ec02baa9509c033577193",0,0,NA,0,0,1,NA,"G0_G2"
"5ecb86f928e969dfb9be100707b8401b3",0,0,NA,0,0,1,NA,"G0_G2"
"bc2d8c4af67fdd3f95764063f23a4ac33",0,0,NA,0,0,1,NA,"G0_G2"
"5573912ea4b8e8d161307c8fd9b4bf4f3",0,0,NA,0,0,1,NA,"G0_G2"
"062a74c18b8837d87c59a6f1c09714bb3",0,0,NA,0,0,1,NA,"G0_G2"
"8e9d54743a37f15f6bb1e791952e39873",0,0,NA,0,0,1,NA,"G0_G2"
"88a077c9e28abbb58af146d986d1af123",0,0,NA,0,0,1,NA,"G0_G2"
"30296c3ec9a0b374e24bbb6c45931eea3",0,0,NA,0,0,1,NA,"G0_G2"
"b50f15e9131393d6ed0fb41d6e039af63",0,0,NA,0,0,1,NA,"G0_G2"
"1355ee0e4102eda4798184a58389797f4",0.29429537037037,0.158327869189115,1.85877174926701,55398.9333333333,3559.78571428571,0.336006344645176,0.01,"G0_G3"
"cdecb1c00aad4c9ee55bdae8d8c154d74",0.108370185185185,0.17201160371179,0.63001671309781,19353,2994.78571428571,0.459736017139748,0.03,"G0_G3"
"1a2518325e43623283d3ad6996e6a6dc4",0.0713961111111111,0.053363770698577,1.33791353527825,13974.6,10907.0714285714,0.541251218300183,0.01,"G0_G3"
"cba990f8b3d42525af59136619c453534",0.0543783333333333,0.0229348096109955,2.370995628726,11.4,9799.5,0.60333668362108,0.01,"G0_G3"
"5f92ec0b039c9127715e033a44803b164",0.0476195238095238,0.0251771621951007,1.89137772718445,11.4,8581.28571428571,0.657705402058089,0.06,"G0_G3"
"1342e1df4714070ba6c899351d5fbe984",0.0285801587301587,0.0242068343624772,1.18066486109644,0,5144.42857142857,0.690336274409951,0.16,"G0_G3"
"f36c161e4341ca7c0fd5d7615f7367064",0.0237651587301587,0.0152286903622581,1.56055170634088,29.0666666666667,4302.64285714286,0.717469708771435,0.54,"G0_G3"
"ad4cd5d588129069899b6d0c45e641024",0.0221831746031746,0.0137994826218792,1.60753668894825,378.266666666667,4188.85714285714,0.742796941753925,0.1,"G0_G3"
"e17563b3df444656591db2ee65e212f14",0.0187849206349206,0.0197777986654473,0.94979835484617,0.933333333333333,3381.85714285714,0.764244280558629,0.03,"G0_G3"
"dc37dab042e0f652bba8cacb048bbc874",0.0178497354497354,0.0329440772072607,0.541819257447632,0.666666666666667,3213.14285714286,0.784623888820224,0.29,"G0_G3"
"aa935103e3f612d4a45a649b5acab4e04",0.0171971693121693,0.0151889590980045,1.13221513082016,0.266666666666667,3095.64285714286,0.804258441655881,0.02,"G0_G3"
"f1170c4937094648423f1d76f7e2d8df4",0.0140154761904762,0.014736956432565,0.951042791950275,0,2522.78571428571,0.820260354690723,0.1,"G0_G3"
"0fdeaf3282ab2f5a5a768cd83c4355d44",0.0134973544973545,0.00963306233496598,1.40114887955847,55.9333333333333,2482.85714285714,0.835670711779687,0.63,"G0_G3"
"58c0a8cf76f6b0cb40a42ccf770f67b04",0.0125698677248677,0.0140740826871695,0.893121633875785,161.4,2340.5,0.850022127847125,0.59,"G0_G3"
"0cb1a8f2800668e33b9ea3ba43e1fec64",0.00928373015873016,0.00855643549891705,1.08499972446531,0,1671.07142857143,0.860621656583787,0.77,"G0_G3"
"a6684ce7c07660834ac05d6a898e43d54",0.00907026455026455,0.00999416836224263,0.907555708640197,0.733333333333333,1632.85714285714,0.870977464874837,0.32,"G0_G3"
"c3c6b35a7e7fd0a56aab3c29bd47737b4",0.00895772486772487,0.00687607743968083,1.30273763585488,54.7333333333333,1664.14285714286,0.881204783046215,0.64,"G0_G3"
"4888905151d87b45c37d8bfbc7c7baaa4",0.00796238095238095,0.0153074403118672,0.520164102564427,156.666666666667,1448.71428571429,0.890295685547042,0.42,"G0_G3"
"0aa415e2ba6a661bead2121028d9370a4",0.00596092592592593,0.00953812946202738,0.624957540119077,29.0666666666667,1083.92857142857,0.897101463458364,0.11,"G0_G3"
"840e9b2c8fd818543742cadaaabbacd84",0.00501933862433862,0.00773392807793367,0.649002495725261,56.6666666666667,894.5,0.902832201327526,0.78,"G0_G3"
"341476ed2ddccd9b810f20810c2169b14",0.00488174603174603,0.00644383696720184,0.757583727923811,0,878.714285714286,0.908405845376186,0.97,"G0_G3"
"a2623a81506363cd410718d6f0a784c54",0.00480970899470899,0.00558422376758935,0.861303055694936,2.26666666666667,866.071428571429,0.913897242458258,1,"G0_G3"
"3b09c48d62fb18cfddc9cf9353cc5c0d4",0.00423650793650794,0.00676374047979443,0.626355778901306,11.3333333333333,757.714285714286,0.918734197738985,0.91,"G0_G3"
"27ca29a04c426a28399fb0ed50f163724",0.0038184126984127,0.00682334259746829,0.559610285409012,1.4,686.714285714286,0.92309380044536,0.9,"G0_G3"
"4afd12be8b23a2d2b1932744ec60fdcd4",0.00374325396825397,0.00649550860330776,0.57628342857521,0,673.785714285714,0.927367592049246,0.35,"G0_G3"
"fc327e4ececc2f4066a4fc1054bbdcab4",0.00357171957671958,0.0045132404315792,0.791386949325413,6.86666666666667,641.928571428571,0.931445537405848,0.92,"G0_G3"
"9389cc5e24fcb8fd40794cda2f4a20f04",0.00295179894179894,0.00436592671514445,0.67609905854805,0.266666666666667,531.285714285714,0.93481569974076,0.41,"G0_G3"
"6b5cefcaf2c763625299668325ee6e9f4",0.0028781746031746,0.00580739129024835,0.49560542063139,2.33333333333333,517.071428571429,0.938101802836593,0.92,"G0_G3"
"514fc8efcc6a30607411c0c1aba9462b4",0.00255396825396825,0.00923046702396303,0.276688952719071,0,459.714285714286,0.941017749275967,0.12,"G0_G3"
"f0fe173a356d624ed9d087e5e114d9d84",0.002125,0.0042018191538506,0.505733331729097,0,382.5,0.94344392907442,0.06,"G0_G3"
"9f872c9b2b6199958b38261da0c19fe14",0.00212103174603175,0.00349229435711138,0.607346211155619,0,381.785714285714,0.945865578191644,0.6,"G0_G3"
"9b1614e795daf36d080a0409abbb79754",0.00198928571428571,0.00433614366415079,0.458768405376464,0,358.071428571429,0.948136808692045,0.4,"G0_G3"
"fdb513a85a39fafe95360eec69cadc504",0.00179886243386243,0.00233781449255002,0.769463291289759,52.0666666666667,309.214285714286,0.950190626902509,0.06,"G0_G3"
"fd4b547fa11d2644e71220f8141dbed24",0.00165767195767196,0.00423505212922754,0.391417131853419,11.9333333333333,289.857142857143,0.952083243474822,0.75,"G0_G3"
"c4d6b95f55599a9777faa913ffa99aad4",0.00164880952380952,0.00414948086751056,0.397353205486331,0,296.785714285714,0.953965741525723,0.14,"G0_G3"
"4118c752bf241af040596d03c7a366ff4",0.00163730158730159,0.00445039926795468,0.367899931831074,0,294.714285714286,0.955835100601058,0.06,"G0_G3"
"dcfdd81870b4fa980f817c07e08e49254",0.00150722222222222,0.00360778540882717,0.417769365809424,4.06666666666667,269.357142857143,0.957555943945687,0.14,"G0_G3"
"7496671ed8f70f49b6f48d2368db56264",0.00145690476190476,0.00377959119730479,0.385466227920013,124.866666666667,155.214285714286,0.959219338252324,0.38,"G0_G3"
"5f9c632fdbb71b06c495aed0fa3795ea4",0.00144862433862434,0.00283333893953979,0.511278166691781,12,256.714285714286,0.960873278537462,0.99,"G0_G3"
"7b4332d9b4fef3874246194bff33039e4",0.00144801587301587,0.0040868558335272,0.354310485125713,0,260.642857142857,0.962526524118145,0.72,"G0_G3"
"3c636322344866b001a6bb30722d72424",0.00142420634920635,0.00363149784909999,0.392181520790193,1.4,255.357142857143,0.96415258561145,0.51,"G0_G3"
"ec7d2fab65ba478da5c32c9a7594642e4",0.00140515873015873,0.00507847789494299,0.276688952719071,0,252.928571428571,0.965756899834854,0.38,"G0_G3"
"f6fae744fd0df8cf57216d09b74c0c544",0.00126071428571429,0.00347238700148235,0.363068484352721,0,226.928571428571,0.967196297261499,0.5,"G0_G3"
"f65f1bdf4c9a0c2a098c5550d734cc524",0.0011547619047619,0.00326585939282945,0.353585922069184,0,207.857142857143,0.968514725499314,0.98,"G0_G3"
"7728dcc32fd62163bbcd131499f3644d4",0.00113571428571429,0.00271241633037917,0.418709426349576,0,204.428571428571,0.969811406467227,0.85,"G0_G3"
"a921f7d48c056d2365fce6b17bdfbb714",0.00109484126984127,0.00395693886250994,0.276688952719071,0,197.071428571429,0.971061421418475,0.72,"G0_G3"
"61cafc87e9a8ec02baa9509c033577194",0.000994444444444444,0.00359408799907572,0.276688952719071,0,179,0.972196810134614,0.06,"G0_G3"
"9e5949b0b1b6380b202751c0365485684",0.000967460317460318,0.00246121505662304,0.393082398410052,0,174.142857142857,0.973301390218392,0.11,"G0_G3"
"8c9a21b986cababce8e7b9a0fe2defea4",0.000936111111111111,0.00240512583749162,0.389215024228175,0,168.5,0.974370177920456,0.37,"G0_G3"
"c52225a74d118e32d0834853b27159b54",0.00091468253968254,0.00234498647691668,0.390058769500972,0,164.642857142857,0.97541449994388,0.32,"G0_G3"
"6784ec90ade80686afc929fe409b8ac24",0.000855714285714286,0.00293813864988353,0.29124367080097,7.86666666666667,147.285714285714,0.976391496044232,1,"G0_G3"
"835c646a619cfb59f032918f6d6724b14",0.000842460317460317,0.00219473861292151,0.383854511193423,0,151.642857142857,0.977353359669277,0.87,"G0_G3"
"56608e86a31ec3abf3104bac70d181454",0.000824603174603175,0.00298025333682336,0.276688952719071,0,148.428571428571,0.978294835228789,0.29,"G0_G3"
"bed31d2068628f5ea4b04ff895c03c914",0.000821296296296296,0.00198385060820379,0.413990999574263,2.46666666666667,146.071428571429,0.97923253522061,0.41,"G0_G3"
"41a748491bbb6a2abeeddbe6ba3532324",8e-04,0.00289133336238494,0.276688952719071,0,144,0.980145920556498,0.12,"G0_G3"
"5a44d3b6635b35994d21f4c9c87ed91e4",0.000787698412698413,0.00284687337516573,0.276688952719071,0,141.785714285714,0.981045260780575,0.14,"G0_G3"
"b0cbcd44ec19c09d0553954e1ea04a704",0.000772222222222222,0.00279093984285768,0.276688952719071,0,139,0.981926931347856,0.01,"G0_G3"
"4c65fe994172a674fb753d63c6f93f9a4",0.000750793650793651,0.00271349341350809,0.276688952719071,0,135.142857142857,0.982784136236497,0.43,"G0_G3"
"1120c96058d65a55df61529e403b6a474",0.000727380952380952,0.00262887601847797,0.276688952719071,0,130.928571428571,0.983614610105884,0.58,"G0_G3"
"30688358cee6df00f97a09297ddf54344",0.000721825396825397,0.00260879731457252,0.276688952719071,0,129.928571428571,0.984438741021549,0.44,"G0_G3"
"ec3ee7dacd24bb66173f5d85c5d6e2e44",0.000712698412698413,0.0015308025664023,0.465571738864667,4,126,0.985252451370386,0.56,"G0_G3"
"566c5e9da9c7d5cef504e472c2abbd604",0.000692063492063492,0.00242957032294349,0.284850158700094,0,124.571428571429,0.986042602176829,0.67,"G0_G3"
"2e57b76efd5a2048c37546212f61eed84",0.000687698412698413,0.00248545670486761,0.276688952719071,0,123.785714285714,0.98682776923392,0.55,"G0_G3"
"51202c1296df14199a504c3624320f174",0.000673809523809524,0.00243525994510398,0.276688952719071,0,121.285714285714,0.987597078906707,0.01,"G0_G3"
"8f09d0e9a896102f0926d8ddf73e7eb74",0.000611798941798942,0.00163130340632754,0.375036881199341,3.46666666666667,108.142857142857,0.988295589134146,0.38,"G0_G3"
"1fec1ed0027d30ef5f80f65c663bafc54",0.000596031746031746,0.00215415809042767,0.276688952719072,0,107.285714285714,0.988976097454832,0.41,"G0_G3"
"8ba690413c85a2d1ca07752c7530803c4",0.000595634920634921,0.00215272389729156,0.276688952719072,0,107.214285714286,0.989656152707396,0.83,"G0_G3"
"9d73bb75b2b0d4355dd3834662ef61b44",0.000592063492063492,0.00211522764619807,0.279905329872022,0,106.571428571429,0.990332130346853,0.51,"G0_G3"
"a4252c85e0f176a7da5dc802d28b6fda4",0.00058452380952381,0.00211256648948066,0.276688952719071,0,105.214285714286,0.990999499691974,0.25,"G0_G3"
"02c588455cf584b99ce7da25edbe2e5b4",0.000577380952380952,0.0020867510130308,0.276688952719071,0,103.928571428571,0.991658713810882,0.2,"G0_G3"
"68bcda32be34ff9e7cc262f6fe275be64",0.000548412698412698,0.00198205491409523,0.276688952719071,0,98.7142857142857,0.992284853956813,0.33,"G0_G3"
"9e3c0d7bc15f6411f76c1e933b5e7be04",0.000493253968253968,0.00178270206817682,0.276688952719071,0,88.7857142857143,0.992848017633653,0.43,"G0_G3"
"e3e3014e2d09d44133f5a2cb53364b074",0.000475793650793651,0.00171959757018826,0.276688952719071,0,85.6428571428571,0.993391246313083,0.33,"G0_G3"
"c2a6b8375554b9e6a5eb75880d6e45044",0.00045,0.0016064314518738,0.280123997494635,1,80.1428571428571,0.99390502556452,0.85,"G0_G3"
"59adeb7ec478fa7cb6a05ff40b9a34d24",0.000413492063492063,0.00149442924781999,0.276688952719071,0,74.4285714285714,0.994377122548645,0.68,"G0_G3"
"14569551c45f41dc37a8a789b6c34e934",0.000410846560846561,0.00110920487224421,0.370397364028261,0.133333333333333,73.8571428571429,0.994846199078616,0.99,"G0_G3"
"f7228aa155bf10d455d8e02ad5f5980c4",0.00037989417989418,0.000975011910441112,0.389630296641514,1.33333333333333,67.4285714285714,0.995279936294997,0.72,"G0_G3"
"d6861de89e8c6f692a58a6a6e2a0e3c14",0.000361269841269841,0.00100338385982015,0.3600514775418,19.2,48.5714285714286,0.995692409514141,0.16,"G0_G3"
"cd96dc701c49df0b227c915d9ce9bc754",0.000336904761904762,0.00121762997255199,0.276688952719071,0,60.6428571428571,0.996077064350534,0.88,"G0_G3"
"609ec913c0ebb5d9e633a384d60b8fc14",0.000323253968253968,0.00115894662006946,0.27892049785226,0.466666666666667,57.7857142857143,0.996446133643498,0.99,"G0_G3"
"01ed22048e8df4236768e3d7bea94c414",0.00032,0.00115252513837111,0.277651210673168,0.2,57.4285714285714,0.996811487777853,0.98,"G0_G3"
"3fbe30c40b6233edc057fe6d61dc7d7d4",0.000301587301587302,0.00108998678343877,0.276688952719071,0,54.2857142857143,0.997155819551303,0.36,"G0_G3"
"bbde64bb39e1bcd06e22178c3b164a754",0.000267275132275132,0.000466787293742495,0.5725844209088,2.93333333333333,47.0714285714286,0.997460976034388,0.75,"G0_G3"
"2f17938c3dd36d203bc84e2d9478506b4",0.000244047619047619,0.000882028778703739,0.276688952719071,0,43.9285714285714,0.997739612930008,0.38,"G0_G3"
"029bdcfeee7f09ec337010a17c9945d94",0.000205952380952381,0.000744346237637789,0.276688952719071,0,37.0714285714286,0.997974755285825,0.75,"G0_G3"
"a0b7d7ad0d2e67087cc5d0a04dab7b414",0.00019047619047619,0.000688412705329747,0.276688952719071,0,34.2857142857143,0.998192227984846,0.26,"G0_G3"
"8745a29941fca9db8eff9653b35baf424",0.000189285714285714,0.000684110125921436,0.276688952719071,0,34.0714285714286,0.998408341479498,0.01,"G0_G3"
"fdaa0076de7e870bf7067cee4efa1ad04",0.000182936507936508,0.000661163035743778,0.276688952719071,0,32.9285714285714,0.998617205884183,0.01,"G0_G3"
"e1a2c54f302520b1bca56089503d77e04",0.000160714285714286,0.000442260037375897,0.363393189825304,0,28.9285714285714,0.998800698473982,1,"G0_G3"
"c7913edfda262b47b71f8cb7246a75f34",0.00015468253968254,0.000557711634146574,0.277352183838229,0.0666666666666667,27.7857142857143,0.998977304428312,0.93,"G0_G3"
"efc1ec27585ebab02453b0b3ad210d4a4",0.000151111111111111,0.000566757036919481,0.266624146269894,27.2,0,0.999149832769535,0.99,"G0_G3"
"b212c07c7a19c7ac62501eb81de4309f4",0.00014484126984127,0.000523480494677829,0.276688952719071,0,26.0714285714286,0.999315202634416,0.12,"G0_G3"
"860584d8b227992f389bc4f1f068c20e4",0.000126190476190476,0.000456073417280957,0.276688952719071,0,22.7142857142857,0.999459278297517,0.72,"G0_G3"
"e8820a8b0ccb14b286019c21e8bfcf004",7.26190476190476e-05,0.000262457343906966,0.276688952719071,0,13.0714285714286,0.999542189764019,0.97,"G0_G3"
"b2f917933d93ce136305d2932a9ed3864",7.22222222222222e-05,0.000261023150770862,0.276688952719072,0,13,0.999624648162398,0.01,"G0_G3"
"0f79094cae6cd434ba058b9fdd88d61d4",5.5952380952381e-05,0.000202221232190613,0.276688952719071,0,10.0714285714286,0.999688530767735,1,"G0_G3"
"0dcefd65571849dd41395e1d88748cee4",3.92857142857143e-05,0.00014198512047426,0.276688952719071,0,7.07142857142857,0.999733384511908,1,"G0_G3"
"e26286d6540544a2832f60dfdf8595864",2.85714285714286e-05,6.17920526089414e-05,0.462380312113054,0,5.14285714285714,0.999766005416762,0.84,"G0_G3"
"e48f184a1738f2ab51d3dd37db99ee474",2.66666666666667e-05,6.48858373944763e-05,0.410978230958868,4.8,0,0.999796451594624,1,"G0_G3"
"a8703b4c215413b89a7475cdd6420ff04",2.62962962962963e-05,9.86268373070665e-05,0.266624146269894,4.73333333333333,0,0.999826474908906,0.85,"G0_G3"
"210bc7b4072ff6d3d85b96ca745936454",2.61904761904762e-05,9.46567469828402e-05,0.276688952719071,0,4.71428571428571,0.999856377405022,0.01,"G0_G3"
"112b8e495108a34b906472ab88df2e8c4",2.14814814814815e-05,8.05684023071811e-05,0.266624146269894,3.86666666666667,0,0.999880903492744,0.86,"G0_G3"
"db6059a25d4ae6b88b9cdaaee17553644",1.77777777777778e-05,6.66772984611154e-05,0.266624146269894,3.2,0,0.999901200944653,0.24,"G0_G3"
"bdf0ea93b3ca780772bb33c8736106384",1.74074074074074e-05,6.52881880765088e-05,0.266624146269894,3.13333333333333,0,0.99992107553298,0.82,"G0_G3"
"aed55ba99c56a108bd2dd2770cdcadd54",1.54761904761905e-05,5.5933532308042e-05,0.276688952719071,0,2.78571428571429,0.999938745189776,0.9,"G0_G3"
"eb6cbd27c7d568fe500ff82ee43b962f4",1.19047619047619e-05,4.30257940831092e-05,0.276688952719071,0,2.14285714285714,0.999952337233464,0.82,"G0_G3"
"cf12592db84b8fe64eff91c601ee388a4",1.07142857142857e-05,3.87232146747983e-05,0.276688952719071,0,1.92857142857143,0.999964570072784,0.96,"G0_G3"
"fec95878e9323087b609f4cd86b3cc8b4",5.92592592592593e-06,1.9447545384492e-05,0.304713310022736,1.06666666666667,0,0.999971335890087,0.99,"G0_G3"
"3206015154602ad2f550885ff96e466e4",5.92592592592593e-06,2.22257661537051e-05,0.266624146269894,1.06666666666667,0,0.99997810170739,0.94,"G0_G3"
"958194b71dba50f260d4b31057cc2ca14",3.99470899470899e-06,1.13635843254535e-05,0.351536001344328,0.533333333333333,0.214285714285714,0.999982662593161,0.14,"G0_G3"
"132f268a71872efe8a4c6aea3cb82fe94",3.7037037037037e-06,9.68115551405643e-06,0.382568351301263,0.666666666666667,0,0.999986891228976,0.54,"G0_G3"
"a063c1fd8d50459e48db5f05822decf94",2.22222222222222e-06,5.67911507559248e-06,0.391297269494119,0.4,0,0.999989428410464,0.06,"G0_G3"
"98efba6e4e3e6a0f52c2727c91619f724",2.22222222222222e-06,8.33466230763942e-06,0.266624146269894,0.4,0,0.999991965591953,0.99,"G0_G3"
"7c3e00a2d5669e7cabe93dd93966e6314",1.85185185185185e-06,6.94555192303285e-06,0.266624146269894,0.333333333333333,0,0.99999407990986,0.25,"G0_G3"
"2ff230d0d0aadceb0c1c35269abda2394",1.85185185185185e-06,6.94555192303285e-06,0.266624146269894,0.333333333333333,0,0.999996194227767,0.2,"G0_G3"
"4b92a12c127f465eb0ed54ded1e3e3294",1.11111111111111e-06,3.01609285572576e-06,0.368394198806504,0.2,0,0.999997462818511,0.98,"G0_G3"
"ba02393d479f25f873c620ca971724ab4",7.40740740740741e-07,2.77822076921314e-06,0.266624146269894,0.133333333333333,0,0.999998308545674,0.18,"G0_G3"
"2746217519099fbc4088bc7b63a2a8c54",7.40740740740741e-07,2.77822076921314e-06,0.266624146269894,0.133333333333333,0,0.999999154272837,0.18,"G0_G3"
"dab2e128ae196cc61b441897b5b0b17c4",3.7037037037037e-07,1.38911038460657e-06,0.266624146269894,0.0666666666666667,0,0.999999577136419,0.55,"G0_G3"
"b1ada5450306be8190fe085fc59a59544",3.7037037037037e-07,1.38911038460657e-06,0.266624146269894,0.0666666666666667,0,1,0.81,"G0_G3"
"dfbeb16dc2a296d2c4e5c21e28455dd24",0,0,NA,0,0,1,NA,"G0_G3"
"173ca1552c607c680889b30f43d7f0264",0,0,NA,0,0,1,NA,"G0_G3"
"513ceaf783e8c8bf475e73597ea86e844",0,0,NA,0,0,1,NA,"G0_G3"
"ae433a296aec19de408365cd099aa0144",0,0,NA,0,0,1,NA,"G0_G3"
"a31a10ce6c2ec7680bb90c065d9e5bf84",0,0,NA,0,0,1,NA,"G0_G3"
"890a2c4a189eef22063b3d686c541a714",0,0,NA,0,0,1,NA,"G0_G3"
"96f24210730503524690942a9f92209d4",0,0,NA,0,0,1,NA,"G0_G3"
"a6577b0941775769269b8dd91a1d44ec4",0,0,NA,0,0,1,NA,"G0_G3"
"6d04abd9e6bdf4989949634a5735a0024",0,0,NA,0,0,1,NA,"G0_G3"
"07504cf84550d0b2f34a55b8f680cf7e4",0,0,NA,0,0,1,NA,"G0_G3"
"317c006ea69cfd1f8362967a2bc37fc44",0,0,NA,0,0,1,NA,"G0_G3"
"028fdac2f188769b60fd4cf260372fcb4",0,0,NA,0,0,1,NA,"G0_G3"
"f15f07245f54c66679495fae9d7328634",0,0,NA,0,0,1,NA,"G0_G3"
"13dc453cc5164973a2f36519c8329a694",0,0,NA,0,0,1,NA,"G0_G3"
"bf9be3c104ea0c19d3f4b41dd1862a894",0,0,NA,0,0,1,NA,"G0_G3"
"adf021246bf5a52687193edea42671ef4",0,0,NA,0,0,1,NA,"G0_G3"
"f7f640f0a3598e296a8b9c160258f9194",0,0,NA,0,0,1,NA,"G0_G3"
"27fe959fc5676ff4d01c6c377a721dba4",0,0,NA,0,0,1,NA,"G0_G3"
"e5d84d0b9dd8040fcdac521fada728a84",0,0,NA,0,0,1,NA,"G0_G3"
"050d101aa8c55d897943814d09a3a7a74",0,0,NA,0,0,1,NA,"G0_G3"
"2baed607df0180fb011d8d4d05fb88194",0,0,NA,0,0,1,NA,"G0_G3"
"0343e81e103065e65dcaa2637ec66d2b4",0,0,NA,0,0,1,NA,"G0_G3"
"dd9b21267e54cffd2e68a96e49c570454",0,0,NA,0,0,1,NA,"G0_G3"
"38fe7cdad46ee97cd12b232f8cd2aca74",0,0,NA,0,0,1,NA,"G0_G3"
"51f15bf76a4dcfa2c7abed002ebe70bc4",0,0,NA,0,0,1,NA,"G0_G3"
"8078b05f1696ab50d1a08b8ff5d026d14",0,0,NA,0,0,1,NA,"G0_G3"
"21d86b5d037137872916eda48e650a624",0,0,NA,0,0,1,NA,"G0_G3"
"f6eaae49255d7f406d993b58cb0d01104",0,0,NA,0,0,1,NA,"G0_G3"
"d26c7eda8a0051d840633afa3d3d528d4",0,0,NA,0,0,1,NA,"G0_G3"
"89ab06a3f840f6f974b9fa289af4974a4",0,0,NA,0,0,1,NA,"G0_G3"
"1991586b6583c5d8e5e5db978e7249c34",0,0,NA,0,0,1,NA,"G0_G3"
"9b014499e32815d4eea28f430878b6714",0,0,NA,0,0,1,NA,"G0_G3"
"02bc1896cf439ea5a251b96edbc44d884",0,0,NA,0,0,1,NA,"G0_G3"
"4e75934a4bf4dfd06f7ef1ec24c6c72c4",0,0,NA,0,0,1,NA,"G0_G3"
"fef04cf977569f3ccadd9511eee52ad54",0,0,NA,0,0,1,NA,"G0_G3"
"bf92f0a438a965108ff1b102694534014",0,0,NA,0,0,1,NA,"G0_G3"
"0c1588fa28cc4e51970a81953867347f4",0,0,NA,0,0,1,NA,"G0_G3"
"a4a5ac8564fbf1db869ad667f4315eff4",0,0,NA,0,0,1,NA,"G0_G3"
"98178a0328a8d69c28edd1a61f9e14d84",0,0,NA,0,0,1,NA,"G0_G3"
"59470531649449e66a30d968901a47634",0,0,NA,0,0,1,NA,"G0_G3"
"d71eb8ea50f2ef8487a0dc1559746e8f4",0,0,NA,0,0,1,NA,"G0_G3"
"568a6c846373e750ffea73ecc60e0ce24",0,0,NA,0,0,1,NA,"G0_G3"
"d915961fff71b0b410365e024d4db38d4",0,0,NA,0,0,1,NA,"G0_G3"
"f097d2fe71a217b7141c07a95c81156c4",0,0,NA,0,0,1,NA,"G0_G3"
"29bf965f923ca78447764713e8f2c56a4",0,0,NA,0,0,1,NA,"G0_G3"
"aa0fccbbfb498555916e03c270754a344",0,0,NA,0,0,1,NA,"G0_G3"
"a165bf51d50346e911f950396eded7414",0,0,NA,0,0,1,NA,"G0_G3"
"4a60afc8d30211637a46548f1397a6a34",0,0,NA,0,0,1,NA,"G0_G3"
"8e9cbcdfe6b4966c401f2bd895f109a44",0,0,NA,0,0,1,NA,"G0_G3"
"7e51b4b16965ac6a7d65eea594ecfeba4",0,0,NA,0,0,1,NA,"G0_G3"
"73a9c88945a6856ecee1788f675c8c9f4",0,0,NA,0,0,1,NA,"G0_G3"
"990d16ab4495e7a080cc7ea6d3b6602e4",0,0,NA,0,0,1,NA,"G0_G3"
"8ddf8ae3826f084467066355b1b1c18a4",0,0,NA,0,0,1,NA,"G0_G3"
"6c0daa89686e1183f155306637ce7ac44",0,0,NA,0,0,1,NA,"G0_G3"
"2ed42e281d82ea47653ea7a0415531914",0,0,NA,0,0,1,NA,"G0_G3"
"61c080a2b30136df6c80642b1926c78e4",0,0,NA,0,0,1,NA,"G0_G3"
"9104a5eda258f5144a21611e01ac30c54",0,0,NA,0,0,1,NA,"G0_G3"
"7588fbabbc6b11e0a6fca04227ad87c44",0,0,NA,0,0,1,NA,"G0_G3"
"f678158684fc17d8c7b44b7e124491e54",0,0,NA,0,0,1,NA,"G0_G3"
"7f9ee874b3f3cfa66c521ee9b16a71e04",0,0,NA,0,0,1,NA,"G0_G3"
"eabcda47bfc6fe69e3435755065569944",0,0,NA,0,0,1,NA,"G0_G3"
"027bf31d5dffac4119349d436f1cab764",0,0,NA,0,0,1,NA,"G0_G3"
"fa5a3856d765788bbb43e6c6e8f7ee9d4",0,0,NA,0,0,1,NA,"G0_G3"
"426a4453ab2973d926b156da5710819a4",0,0,NA,0,0,1,NA,"G0_G3"
"707719bd2799b834ba0e74112fa489a04",0,0,NA,0,0,1,NA,"G0_G3"
"a0481ee991e274f24b9a0cfb805bdbbe4",0,0,NA,0,0,1,NA,"G0_G3"
"a2794d9a683656c92fe04e0f5fe1e4494",0,0,NA,0,0,1,NA,"G0_G3"
"8550561c2fdadd7f67c40b816b48c1ef4",0,0,NA,0,0,1,NA,"G0_G3"
"850dd59997cd860e8fe18e3268e86e704",0,0,NA,0,0,1,NA,"G0_G3"
"202584e0410e749e15eaa0b3dc36620f4",0,0,NA,0,0,1,NA,"G0_G3"
"24ff1c1972e97418aad5ca65adbe81db4",0,0,NA,0,0,1,NA,"G0_G3"
"1c0b7d810b0b28e6490830cc204d61a84",0,0,NA,0,0,1,NA,"G0_G3"
"076a3cdae4e19b9ebd3b1e867d50d50d4",0,0,NA,0,0,1,NA,"G0_G3"
"2bc13c74b7a9fd18f2b809c25ca134ce4",0,0,NA,0,0,1,NA,"G0_G3"
"ae16f3705ee4d4b892616eb6d9a1c1334",0,0,NA,0,0,1,NA,"G0_G3"
"e73096ccb9c6b2d19edd28aba6202d7c4",0,0,NA,0,0,1,NA,"G0_G3"
"40d5327bed1fddfb379c33d12322d3614",0,0,NA,0,0,1,NA,"G0_G3"
"c7f49d329f25df14c44c5de7bfb321124",0,0,NA,0,0,1,NA,"G0_G3"
"f1182280951cffb95bcbd92043756d944",0,0,NA,0,0,1,NA,"G0_G3"
"47880c5414c7736dbd571762504cf7904",0,0,NA,0,0,1,NA,"G0_G3"
"d318864ec594447d73618719d2eb4c4c4",0,0,NA,0,0,1,NA,"G0_G3"
"b37560fba4127cf6dde95d8884e33f3c4",0,0,NA,0,0,1,NA,"G0_G3"
"078cdbc288edeac9b14375fd53e917e04",0,0,NA,0,0,1,NA,"G0_G3"
"04e58144a1e0bf97a313b3b84b6023764",0,0,NA,0,0,1,NA,"G0_G3"
"972ea83ac654db049e792d82c24637954",0,0,NA,0,0,1,NA,"G0_G3"
"35f2f16241413259e916d3ad617b84184",0,0,NA,0,0,1,NA,"G0_G3"
"60c6622e553962a5dcb78fbe549ab7fa4",0,0,NA,0,0,1,NA,"G0_G3"
"1f9077ccef6468636305a51b2aed42ba4",0,0,NA,0,0,1,NA,"G0_G3"
"8623e5254d0b3aa394bee4c45caf09b84",0,0,NA,0,0,1,NA,"G0_G3"
"30be3f21e278e5b6e83bba62d455fa914",0,0,NA,0,0,1,NA,"G0_G3"
"3f98d23eb2352e0000bc95ca0f2e54ff4",0,0,NA,0,0,1,NA,"G0_G3"
"3feda796315faa84c5366c52d7dc744b4",0,0,NA,0,0,1,NA,"G0_G3"
"8b12eed8391d6efd6c1de53ed3effc174",0,0,NA,0,0,1,NA,"G0_G3"
"83ed7de6a0f63ad7ef724503e04498c04",0,0,NA,0,0,1,NA,"G0_G3"
"076c61006330e0bfe32b4ca22c3778ce4",0,0,NA,0,0,1,NA,"G0_G3"
"bea115d6c60b0df4f91b6fff8b7901ce4",0,0,NA,0,0,1,NA,"G0_G3"
"ad953ff4d9c0f21e967986d390bd2a114",0,0,NA,0,0,1,NA,"G0_G3"
"b35e61c24debef5636f49b6fed9ad82d4",0,0,NA,0,0,1,NA,"G0_G3"
"b43f947a248adca972f00fa6ed458dcb4",0,0,NA,0,0,1,NA,"G0_G3"
"f5b3f90bede327e1f2882eb30428f15c4",0,0,NA,0,0,1,NA,"G0_G3"
"68733d76fa8687dccbdd9d9e8f3870184",0,0,NA,0,0,1,NA,"G0_G3"
"7d952f43664b4082d9801903c36533204",0,0,NA,0,0,1,NA,"G0_G3"
"9e05df9739667289c16f6685650413f64",0,0,NA,0,0,1,NA,"G0_G3"
"5ac7ed6d0ed5ddd5769ba5ec553468bb4",0,0,NA,0,0,1,NA,"G0_G3"
"cdfc4f0ac2f21b78873017c5a368b99b4",0,0,NA,0,0,1,NA,"G0_G3"
"1f6eef91cea08599638ee46a4c7e7c994",0,0,NA,0,0,1,NA,"G0_G3"
"b1027ab906ae1c9f582c251f422ba3204",0,0,NA,0,0,1,NA,"G0_G3"
"b43ce90dec6cb8ae947431e0b474a9a24",0,0,NA,0,0,1,NA,"G0_G3"
"82080588026ce46c2e5cf3ff5e56fc664",0,0,NA,0,0,1,NA,"G0_G3"
"705158eef551ec080dd66226b645c0fe4",0,0,NA,0,0,1,NA,"G0_G3"
"bb4e56f75b6a7bb46a5af5792a0f003c4",0,0,NA,0,0,1,NA,"G0_G3"
"e014f641a0b6637a8f4d8d284864cf414",0,0,NA,0,0,1,NA,"G0_G3"
"d8ec63d34841f558e0adca3e1f9c4f624",0,0,NA,0,0,1,NA,"G0_G3"
"799c62de1cb7a2e0b684a84f71727fe54",0,0,NA,0,0,1,NA,"G0_G3"
"7fc609ab114eea9bd59352810ca76b814",0,0,NA,0,0,1,NA,"G0_G3"
"5031d3b48403eb538f2d9db5530d6b664",0,0,NA,0,0,1,NA,"G0_G3"
"58b0b02468dbe1a3d123dcc7acedd4fb4",0,0,NA,0,0,1,NA,"G0_G3"
"f9282cf29faf2398e93e8d9cff5c232d4",0,0,NA,0,0,1,NA,"G0_G3"
"5ca129736d688e118ec61cd434564e524",0,0,NA,0,0,1,NA,"G0_G3"
"c927be1b570578a424ca689761f946274",0,0,NA,0,0,1,NA,"G0_G3"
"5ecb86f928e969dfb9be100707b8401b4",0,0,NA,0,0,1,NA,"G0_G3"
"bc2d8c4af67fdd3f95764063f23a4ac34",0,0,NA,0,0,1,NA,"G0_G3"
"5573912ea4b8e8d161307c8fd9b4bf4f4",0,0,NA,0,0,1,NA,"G0_G3"
"062a74c18b8837d87c59a6f1c09714bb4",0,0,NA,0,0,1,NA,"G0_G3"
"7f8923e6de6b6a07954cfbfc8ffa0e9b4",0,0,NA,0,0,1,NA,"G0_G3"
"8e9d54743a37f15f6bb1e791952e39874",0,0,NA,0,0,1,NA,"G0_G3"
"88a077c9e28abbb58af146d986d1af124",0,0,NA,0,0,1,NA,"G0_G3"
"30296c3ec9a0b374e24bbb6c45931eea4",0,0,NA,0,0,1,NA,"G0_G3"
"b50f15e9131393d6ed0fb41d6e039af64",0,0,NA,0,0,1,NA,"G0_G3"
"1a2518325e43623283d3ad6996e6a6dc5",0.0336386904761905,0.0378462505865126,0.888824915411261,9172.5625,10907.0714285714,0.0729962850424008,0.98,"G2_G3"
"5f92ec0b039c9127715e033a44803b165",0.0336014384920635,0.0246181882572981,1.36490297908508,12872.25,8581.28571428571,0.145911732917443,1,"G2_G3"
"1342e1df4714070ba6c899351d5fbe985",0.0259418650793651,0.0175301357473171,1.47984393579698,6190.0625,5144.42857142857,0.202205832094853,0.54,"G2_G3"
"cba990f8b3d42525af59136619c453535",0.0210942956349206,0.0147095565557302,1.43405381086782,8917.8125,9799.5,0.247980658496767,1,"G2_G3"
"dc37dab042e0f652bba8cacb048bbc875",0.0188642857142857,0.0299378683707331,0.630114525212063,2084.4375,3213.14285714286,0.288916341712377,0.29,"G2_G3"
"ad4cd5d588129069899b6d0c45e641025",0.0176245535714286,0.0140023645522255,1.25868409622483,5905.5625,4188.85714285714,0.327161794137336,0.83,"G2_G3"
"e17563b3df444656591db2ee65e212f15",0.0157026785714286,0.0159814366043809,0.982557385806236,2884.3125,3381.85714285714,0.361236759146467,0.24,"G2_G3"
"f36c161e4341ca7c0fd5d7615f7367065",0.0149039186507937,0.0105914742541942,1.4071618636935,3689.3125,4302.64285714286,0.393578407370025,0.99,"G2_G3"
"aa935103e3f612d4a45a649b5acab4e05",0.0139002976190476,0.0110867329188329,1.25377762058607,2341.5625,3095.64285714286,0.423742188207224,0.19,"G2_G3"
"1355ee0e4102eda4798184a58389797f5",0.0138483134920635,0.0120677369485384,1.14754850483717,3473.6875,3559.78571428571,0.453793162983983,1,"G2_G3"
"f1170c4937094648423f1d76f7e2d8df5",0.013433630952381,0.0113711794168636,1.18137534022713,1494.0625,2522.78571428571,0.482944272622109,0.19,"G2_G3"
"cdecb1c00aad4c9ee55bdae8d8c154d75",0.0118126984126984,0.0104679761051669,1.12846058244896,2021.5,2994.78571428571,0.50857794290614,0.97,"G2_G3"
"58c0a8cf76f6b0cb40a42ccf770f67b05",0.0103949404761905,0.012292364376924,0.845642071569605,1455.625,2340.5,0.531135064698258,0.85,"G2_G3"
"0cb1a8f2800668e33b9ea3ba43e1fec65",0.0101495535714286,0.00807456519088576,1.25697834267101,2223,1671.07142857143,0.553159694523772,0.45,"G2_G3"
"0fdeaf3282ab2f5a5a768cd83c4355d45",0.00990540674603175,0.0084594153233038,1.17093278524162,1405.3125,2482.85714285714,0.574654523366947,0.92,"G2_G3"
"4888905151d87b45c37d8bfbc7c7baaa5",0.00939260912698413,0.0137275785573379,0.684214560328516,917.5,1448.71428571429,0.595036576396344,0.01,"G2_G3"
"c3c6b35a7e7fd0a56aab3c29bd47737b5",0.00883621031746032,0.0114268375860823,0.773285718895899,1593.8125,1664.14285714286,0.614211238605162,0.75,"G2_G3"
"a6684ce7c07660834ac05d6a898e43d55",0.00875992063492063,0.00748845251133666,1.16979050366669,1482.5,1632.85714285714,0.63322035146192,0.42,"G2_G3"
"341476ed2ddccd9b810f20810c2169b15",0.00714930555555556,0.00511784673077641,1.39693623737555,1346.75,878.714285714286,0.648734413953679,0.54,"G2_G3"
"0aa415e2ba6a661bead2121028d9370a5",0.00691051587301587,0.00913929810419353,0.756132013009294,612.8125,1083.92857142857,0.66373030051513,0.02,"G2_G3"
"840e9b2c8fd818543742cadaaabbacd85",0.00670084325396825,0.00604570747916801,1.10836378985548,919.625,894.5,0.678271195456844,0.51,"G2_G3"
"a2623a81506363cd410718d6f0a784c55",0.00649280753968254,0.00501016351397842,1.29592727294579,1220.25,866.071428571429,0.692360650878052,0.68,"G2_G3"
"3b09c48d62fb18cfddc9cf9353cc5c0d5",0.00648606150793651,0.00550384803435381,1.17845941011669,921.75,757.714285714286,0.706435467344852,0.17,"G2_G3"
"6b5cefcaf2c763625299668325ee6e9f5",0.00578844246031746,0.00537141232179465,1.07763882449141,876.4375,517.071428571429,0.718996443702833,0.01,"G2_G3"
"27ca29a04c426a28399fb0ed50f163725",0.00526190476190476,0.00598509642862101,0.879167917285691,535.6875,686.714285714286,0.730414828141366,0.49,"G2_G3"
"5f9c632fdbb71b06c495aed0fa3795ea5",0.00525992063492063,0.00760875582935599,0.691298387395596,905.25,256.714285714286,0.741828907005073,0.13,"G2_G3"
"4afd12be8b23a2d2b1932744ec60fdcd5",0.00513720238095238,0.00613452333866618,0.837424865363599,512.5625,673.785714285714,0.752976686065793,0.01,"G2_G3"
"fc327e4ececc2f4066a4fc1054bbdcab5",0.00479806547619048,0.00379000682014426,1.26597805858509,808.0625,641.928571428571,0.76338853474938,0.53,"G2_G3"
"6784ec90ade80686afc929fe409b8ac25",0.00334613095238095,0.0047337626994653,0.706864953910536,529.1875,147.285714285714,0.770649671414675,0.46,"G2_G3"
"9389cc5e24fcb8fd40794cda2f4a20f05",0.00305739087301587,0.00429301596756464,0.712177847954822,66.75,531.285714285714,0.777284239303418,0.41,"G2_G3"
"3c636322344866b001a6bb30722d72425",0.00271746031746032,0.00557022914474677,0.48785431386124,278.6875,255.357142857143,0.783181154585098,0.1,"G2_G3"
"7f8923e6de6b6a07954cfbfc8ffa0e9b5",0.00269479166666667,0.00448745643804081,0.600516507262896,485.0625,0,0.789028878674391,0.02,"G2_G3"
"9f872c9b2b6199958b38261da0c19fe15",0.00265902777777778,0.00312702529178155,0.850337790604455,223.8125,381.785714285714,0.794798994777445,0.51,"G2_G3"
"f65f1bdf4c9a0c2a098c5550d734cc525",0.00265362103174603,0.00312698838560984,0.848618768127759,361.5,207.857142857143,0.800557378189099,0.56,"G2_G3"
"9b1614e795daf36d080a0409abbb79755",0.00265114087301587,0.00405868337305201,0.653202191286553,200.4375,358.071428571429,0.80631037963222,0.06,"G2_G3"
"514fc8efcc6a30607411c0c1aba9462b5",0.00255396825396825,0.00922908717986772,0.276730320582459,0,459.714285714286,0.811852515548238,0.13,"G2_G3"
"f0fe173a356d624ed9d087e5e114d9d85",0.00236051587301587,0.00419040105167667,0.563315024959575,74.1875,382.5,0.816974857918722,0.04,"G2_G3"
"e1a2c54f302520b1bca56089503d77e05",0.00232857142857143,0.00362613484744754,0.642163495439373,410.1875,28.9285714285714,0.822027880534507,0.55,"G2_G3"
"cd96dc701c49df0b227c915d9ce9bc755",0.00231507936507937,0.00483489184641888,0.478827539191823,378.8125,60.6428571428571,0.827051625241476,0.09,"G2_G3"
"fd4b547fa11d2644e71220f8141dbed25",0.00225838293650794,0.00403667191429817,0.559466556721786,163.3125,289.857142857143,0.831952338147791,0.37,"G2_G3"
"7728dcc32fd62163bbcd131499f3644d5",0.00221820436507937,0.00314024239504371,0.706379981551866,274.3125,204.428571428571,0.836765863163881,0.03,"G2_G3"
"835c646a619cfb59f032918f6d6724b15",0.00209955357142857,0.00310620027021629,0.675923439824561,291.0625,151.642857142857,0.841321914805376,0.07,"G2_G3"
"fdb513a85a39fafe95360eec69cadc505",0.00202147817460317,0.00236892177958544,0.853332597143387,148.1875,309.214285714286,0.845708542077468,0.02,"G2_G3"
"f6fae744fd0df8cf57216d09b74c0c545",0.00199880952380952,0.00317738780996221,0.629073202063206,186,226.928571428571,0.850045978157173,0.01,"G2_G3"
"a921f7d48c056d2365fce6b17bdfbb715",0.00185257936507936,0.00487655485000421,0.379895114904278,159.125,197.071428571429,0.854066093372203,0.27,"G2_G3"
"609ec913c0ebb5d9e633a384d60b8fc15",0.00182053571428571,0.00218569858980237,0.832930817990933,310.625,57.7857142857143,0.858016673553792,0.02,"G2_G3"
"c4d6b95f55599a9777faa913ffa99aad5",0.00177256944444444,0.00408610757784379,0.433803910121186,31.1875,296.785714285714,0.861863166463964,0.01,"G2_G3"
"ec7d2fab65ba478da5c32c9a7594642e5",0.00169414682539683,0.005075303057301,0.333802101326686,60.6875,252.928571428571,0.865539481529138,0.14,"G2_G3"
"dcfdd81870b4fa980f817c07e08e49255",0.00164905753968254,0.00355951358455629,0.463281709848595,43.25,269.357142857143,0.869117952406391,0.02,"G2_G3"
"4118c752bf241af040596d03c7a366ff5",0.00163730158730159,0.00444973398664923,0.367954936680276,0,294.714285714286,0.872670912752801,0.06,"G2_G3"
"01ed22048e8df4236768e3d7bea94c415",0.00163665674603175,0.00220262905271243,0.743046925680147,271.6875,57.4285714285714,0.876222473787391,0.02,"G2_G3"
"0f79094cae6cd434ba058b9fdd88d61d5",0.00163387896825397,0.00289238782971491,0.564889310993613,289.0625,10.0714285714286,0.879768007017226,0.48,"G2_G3"
"14569551c45f41dc37a8a789b6c34e935",0.00154022817460317,0.00206755265544162,0.744952333160379,247.5625,73.8571428571429,0.883110317115274,0.41,"G2_G3"
"7b4332d9b4fef3874246194bff33039e5",0.00149861111111111,0.0040524345547755,0.369805135864589,12.75,260.642857142857,0.886362317781346,0.72,"G2_G3"
"c2a6b8375554b9e6a5eb75880d6e45045",0.00142237103174603,0.00261063782667192,0.544836597866695,202.375,80.1428571428571,0.88944887673473,0.05,"G2_G3"
"7e51b4b16965ac6a7d65eea594ecfeba5",0.00141944444444444,0.00302316207652335,0.469523104787294,255.5,0,0.892529084965245,0.59,"G2_G3"
"566c5e9da9c7d5cef504e472c2abbd605",0.00133630952380952,0.00253808361187028,0.52650334983441,137.25,124.571428571429,0.895428889610551,0.12,"G2_G3"
"c52225a74d118e32d0834853b27159b55",0.00132331349206349,0.00257497160964992,0.51391381835212,98.3125,164.642857142857,0.898300492740747,0.08,"G2_G3"
"7496671ed8f70f49b6f48d2368db56265",0.00131617063492063,0.00316950820976075,0.415260206888685,95.3125,155.214285714286,0.901156595801569,0.38,"G2_G3"
"8ba690413c85a2d1ca07752c7530803c5",0.00131468253968254,0.00246784333170022,0.532725283973676,151,107.214285714286,0.904009469681272,0.15,"G2_G3"
"8c9a21b986cababce8e7b9a0fe2defea5",0.00120744047619048,0.00229694712452883,0.525671863882438,68.375,168.5,0.90662962724163,0.03,"G2_G3"
"2e57b76efd5a2048c37546212f61eed85",0.00120138888888889,0.00271825570513574,0.441970520513961,107.875,123.785714285714,0.909236652798769,0.11,"G2_G3"
"bed31d2068628f5ea4b04ff895c03c915",0.00117435515873016,0.00187822154851755,0.625248474897466,91.4375,146.071428571429,0.911785014898904,0.02,"G2_G3"
"ec3ee7dacd24bb66173f5d85c5d6e2e45",0.00115644841269841,0.00171737976710087,0.673379548805693,122.5625,126,0.914294519186234,0.04,"G2_G3"
"1120c96058d65a55df61529e403b6a475",0.0011485119047619,0.00304582706232217,0.377077188317537,88.4375,130.928571428571,0.916786801174259,0.22,"G2_G3"
"0dcefd65571849dd41395e1d88748cee5",0.00111135912698413,0.00256004348981867,0.434117284102406,195.625,7.07142857142857,0.919198461273669,0.2,"G2_G3"
"9e5949b0b1b6380b202751c0365485685",0.00106964285714286,0.00242848574306028,0.440456716783083,25.75,174.142857142857,0.921519596662361,0.03,"G2_G3"
"56608e86a31ec3abf3104bac70d181455",0.00106388888888889,0.00301152908403953,0.353271995454826,50.25,148.428571428571,0.923828245884059,0.1,"G2_G3"
"7d952f43664b4082d9801903c36533205",0.00102534722222222,0.00327288418715597,0.313285519312315,184.5625,0,0.926053259314761,0.47,"G2_G3"
"61cafc87e9a8ec02baa9509c033577195",0.000994444444444444,0.00359355072603302,0.276730320582459,0,179,0.928211213417549,0.09,"G2_G3"
"30688358cee6df00f97a09297ddf54345",0.000961111111111111,0.00257347468703112,0.373468259064127,50.25,129.928571428571,0.93029683386326,0.17,"G2_G3"
"7f9ee874b3f3cfa66c521ee9b16a71e05",0.000917361111111111,0.00194362501418337,0.471984618646488,165.125,0,0.932287516384058,0.1,"G2_G3"
"efc1ec27585ebab02453b0b3ad210d4a5",0.000876736111111111,0.0017863299419763,0.490803009292413,157.8125,0,0.934190042260293,0.55,"G2_G3"
"29bf965f923ca78447764713e8f2c56a5",0.000862152777777778,0.00231037301502474,0.373166052482026,155.1875,0,0.936060922161558,0.23,"G2_G3"
"4c65fe994172a674fb753d63c6f93f9a5",0.000850496031746032,0.0026911863765157,0.316030149070232,20.9375,135.142857142857,0.93790650681072,0.1,"G2_G3"
"b35e61c24debef5636f49b6fed9ad82d5",0.000812847222222222,0.00255667054284611,0.317931938667918,146.3125,0,0.939670393177558,0.31,"G2_G3"
"f7228aa155bf10d455d8e02ad5f5980c5",0.000807242063492064,0.00141343194685741,0.571121988070857,98,67.4285714285714,0.941422116295514,0.03,"G2_G3"
"41a748491bbb6a2abeeddbe6ba3532325",8e-04,0.00289090114273047,0.276730320582459,0,144,0.943158124065354,0.14,"G2_G3"
"5a44d3b6635b35994d21f4c9c87ed91e5",0.000787698412698413,0.00284644780174603,0.276730320582459,0,141.785714285714,0.944867437271273,0.11,"G2_G3"
"b0cbcd44ec19c09d0553954e1ea04a705",0.000772222222222222,0.00279052263083011,0.276730320582459,0,139,0.94654316699355,0.01,"G2_G3"
"e3e3014e2d09d44133f5a2cb53364b075",0.000751686507936508,0.00199333493854023,0.377099951143679,57.9375,85.6428571428571,0.948174334016377,0.14,"G2_G3"
"59adeb7ec478fa7cb6a05ff40b9a34d25",0.000751587301587302,0.00163810714612453,0.45881449413454,71,74.4285714285714,0.949805285760463,0.15,"G2_G3"
"68bcda32be34ff9e7cc262f6fe275be65",0.000746031746031746,0.0020665690796419,0.361000149175279,41.5,98.7142857142857,0.951424181895036,0.11,"G2_G3"
"e8820a8b0ccb14b286019c21e8bfcf005",0.00074280753968254,0.00147618458581669,0.503194212173396,126.4375,13.0714285714286,0.953036081470517,0.55,"G2_G3"
"1fec1ed0027d30ef5f80f65c663bafc55",0.000694543650793651,0.00214148920577695,0.324327411466762,20.6875,107.285714285714,0.954543247938356,0.15,"G2_G3"
"51202c1296df14199a504c3624320f175",0.000673809523809524,0.00243489590295454,0.276730320582459,0,121.285714285714,0.956005421149263,0.01,"G2_G3"
"9d73bb75b2b0d4355dd3834662ef61b45",0.000651984126984127,0.00209627240619269,0.31102070754644,12.75,106.571428571429,0.957420233037085,0.38,"G2_G3"
"bbde64bb39e1bcd06e22178c3b164a755",0.000641865079365079,0.00115163998960367,0.557348724566237,82.1875,47.0714285714286,0.958813086493293,0.05,"G2_G3"
"68733d76fa8687dccbdd9d9e8f3870185",0.000632638888888889,0.00245568745742546,0.257621908266839,113.875,0,0.960185919026561,0.31,"G2_G3"
"6d04abd9e6bdf4989949634a5735a0025",0.000628472222222222,0.00167976436716023,0.374143084892736,113.125,0,0.961549709852695,0.16,"G2_G3"
"1991586b6583c5d8e5e5db978e7249c35",0.000614583333333333,0.0017890815465677,0.343518904720914,110.625,0,0.962883361655046,0.23,"G2_G3"
"8f09d0e9a896102f0926d8ddf73e7eb75",0.000602380952380952,0.00163933235524046,0.367455049889865,0.5,108.142857142857,0.964190534172217,0.5,"G2_G3"
"a4252c85e0f176a7da5dc802d28b6fda5",0.00058452380952381,0.00211225068613194,0.276730320582459,0,105.214285714286,0.965458956515955,0.26,"G2_G3"
"02c588455cf584b99ce7da25edbe2e5b5",0.000577380952380952,0.00208643906878613,0.276730320582459,0,103.928571428571,0.966711878790319,0.26,"G2_G3"
"fef04cf977569f3ccadd9511eee52ad55",0.000563194444444444,0.0014943552326382,0.376881234223107,101.375,0,0.967934016204677,0.25,"G2_G3"
"426a4453ab2973d926b156da5710819a5",0.000560069444444444,0.00156423490297093,0.358046891410434,100.8125,0,0.969149372338684,0.18,"G2_G3"
"c7f49d329f25df14c44c5de7bfb321125",0.000527777777777778,0.00150703603640196,0.35020912906492,95,0,0.970294655242398,0.3,"G2_G3"
"707719bd2799b834ba0e74112fa489a05",0.000502430555555556,0.00138459241405103,0.362872532347297,90.4375,0,0.97138493442771,0.2,"G2_G3"
"9e3c0d7bc15f6411f76c1e933b5e7be05",0.000493253968253968,0.00178243557560217,0.276730320582459,0,88.7857142857143,0.972455300329452,0.43,"G2_G3"
"c7913edfda262b47b71f8cb7246a75f35",0.000481944444444444,0.00138852521397105,0.347090884339167,62.4375,27.7857142857143,0.973501124454686,0.39,"G2_G3"
"98efba6e4e3e6a0f52c2727c91619f725",0.000478819444444444,0.00123616801036867,0.387341720889254,86.1875,0,0.974540167299568,0.69,"G2_G3"
"e48f184a1738f2ab51d3dd37db99ee475",0.000444444444444444,0.00126751320063325,0.350642852652264,80,0,0.975504616060591,0.64,"G2_G3"
"3fbe30c40b6233edc057fe6d61dc7d7d5",0.000374801587301587,0.00109703236166069,0.341650438401118,15.375,54.2857142857143,0.976317939145221,0.13,"G2_G3"
"6c0daa89686e1183f155306637ce7ac45",0.000373611111111111,0.00145023035356191,0.257621908266839,67.25,0,0.977128678884955,0.48,"G2_G3"
"4b92a12c127f465eb0ed54ded1e3e3295",0.00036875,0.00143136118539289,0.257621908266839,66.375,0,0.977928869966366,0.47,"G2_G3"
"fec95878e9323087b609f4cd86b3cc8b5",0.000357638888888889,0.00138823165814941,0.257621908266839,64.375,0,0.978704949828751,0.54,"G2_G3"
"83ed7de6a0f63ad7ef724503e04498c05",0.000355902777777778,0.000966746350354482,0.368144940653023,64.0625,0,0.979477262313164,0.22,"G2_G3"
"58b0b02468dbe1a3d123dcc7acedd4fb5",0.000329166666666667,0.001277712244588,0.257621908266839,59.25,0,0.980191557176796,0.5,"G2_G3"
"a0b7d7ad0d2e67087cc5d0a04dab7b415",0.000326488095238095,0.000864349386985292,0.377726993452071,28.5625,34.2857142857143,0.980900039514413,0.07,"G2_G3"
"3206015154602ad2f550885ff96e466e5",0.000326388888888889,0.00109529841815514,0.297990833802755,58.75,0,0.981608306573289,0.3,"G2_G3"
"30be3f21e278e5b6e83bba62d455fa915",0.000298263888888889,0.00115775824694208,0.257621908266839,53.6875,0,0.982255542109006,0.39,"G2_G3"
"029bdcfeee7f09ec337010a17c9945d95",0.000297321428571429,0.000803874242244529,0.369860623648378,19.1875,37.0714285714286,0.982900732496681,0.58,"G2_G3"
"adf021246bf5a52687193edea42671ef5",0.000279861111111111,0.00108632496744507,0.257621908266839,50.375,0,0.983508033825888,0.35,"G2_G3"
"d6861de89e8c6f692a58a6a6e2a0e3c15",0.00026984126984127,0.000975105544174961,0.276730320582459,0,48.5714285714286,0.984093592002223,0.4,"G2_G3"
"bb4e56f75b6a7bb46a5af5792a0f003c5",0.000266319444444444,0.00103376085611708,0.257621908266839,47.9375,0,0.984671507783241,0.26,"G2_G3"
"fa5a3856d765788bbb43e6c6e8f7ee9d5",0.000265625,0.00103106526066437,0.257621908266839,47.8125,0,0.985247916613071,0.24,"G2_G3"
"f678158684fc17d8c7b44b7e124491e55",0.000263541666666667,0.00102297847430621,0.257621908266839,47.4375,0,0.985819804589334,0.26,"G2_G3"
"0c1588fa28cc4e51970a81953867347f5",0.000257986111111111,0.000609012013548869,0.423614157638304,46.4375,0,0.986379636956084,0.06,"G2_G3"
"202584e0410e749e15eaa0b3dc36620f5",0.000247569444444444,0.000960979778893717,0.257621908266839,44.5625,0,0.986916865054997,0.5,"G2_G3"
"cf12592db84b8fe64eff91c601ee388a5",0.000245188492063492,0.000780069935674251,0.314316038665898,42.6875,1.92857142857143,0.987448926464119,0.44,"G2_G3"
"2f17938c3dd36d203bc84e2d9478506b5",0.000244047619047619,0.000881896925981767,0.276730320582459,0,43.9285714285714,0.987978512167716,0.28,"G2_G3"
"f7f640f0a3598e296a8b9c160258f9195",0.000243402777777778,0.000944806206177413,0.257621908266839,43.8125,0,0.988506698559495,0.33,"G2_G3"
"a165bf51d50346e911f950396eded7415",0.000235416666666667,0.000913806858471164,0.257621908266839,42.375,0,0.989017555012599,0.47,"G2_G3"
"82080588026ce46c2e5cf3ff5e56fc665",0.000232291666666667,0.000901676678933937,0.257621908266839,41.8125,0,0.989521630185352,0.31,"G2_G3"
"f1182280951cffb95bcbd92043756d945",0.000225347222222222,0.000712219560414214,0.316401338501802,40.5625,0,0.990010635846214,0.47,"G2_G3"
"860584d8b227992f389bc4f1f068c20e5",0.000224702380952381,0.000480858389355748,0.467294292719809,20.6875,22.7142857142857,0.990498242195258,0.23,"G2_G3"
"990d16ab4495e7a080cc7ea6d3b6602e5",0.000220486111111111,0.000855851556237742,0.257621908266839,39.6875,0,0.990976699197796,0.26,"G2_G3"
"40d5327bed1fddfb379c33d12322d3615",0.000215277777777778,0.000835634590342363,0.257621908266839,38.75,0,0.991443854066416,0.44,"G2_G3"
"a4a5ac8564fbf1db869ad667f4315eff5",0.000207986111111111,0.000807330838088831,0.257621908266839,37.4375,0,0.991895185947551,0.37,"G2_G3"
"050d101aa8c55d897943814d09a3a7a75",0.000201736111111111,0.000783070479014375,0.257621908266839,36.3125,0,0.992332955267984,0.27,"G2_G3"
"61c080a2b30136df6c80642b1926c78e5",0.000193402777777778,0.000750723333581768,0.257621908266839,34.8125,0,0.992752641174148,0.18,"G2_G3"
"8745a29941fca9db8eff9653b35baf425",0.000189285714285714,0.000684007859663907,0.276730320582459,0,34.0714285714286,0.993163393012547,0.01,"G2_G3"
"fdaa0076de7e870bf7067cee4efa1ad05",0.000182936507936508,0.000661064199800967,0.276730320582459,0,32.9285714285714,0.993560367011504,0.01,"G2_G3"
"aed55ba99c56a108bd2dd2770cdcadd55",0.000180555555555556,0.000643217394438992,0.280706891816933,30.0625,2.78571428571429,0.993952174320669,0.47,"G2_G3"
"d915961fff71b0b410365e024d4db38d5",0.000172916666666667,0.000671203267726608,0.257621908266839,31.125,0,0.994327405166754,0.44,"G2_G3"
"bf9be3c104ea0c19d3f4b41dd1862a895",0.000161458333333333,0.00062528973796803,0.25821363046516,29.0625,0,0.99467777131822,0.22,"G2_G3"
"21d86b5d037137872916eda48e650a625",0.000160416666666667,0.000622682549577696,0.257621908266839,28.875,0,0.995025877042901,0.26,"G2_G3"
"b1027ab906ae1c9f582c251f422ba3205",0.000160069444444444,0.000621334751851337,0.257621908266839,28.8125,0,0.995373229291988,0.44,"G2_G3"
"e5d84d0b9dd8040fcdac521fada728a85",0.000159722222222222,0.000619986954124979,0.257621908266839,28.75,0,0.995719828065481,0.79,"G2_G3"
"38fe7cdad46ee97cd12b232f8cd2aca75",0.000158333333333333,0.000614595763219544,0.257621908266839,28.5,0,0.996063412936595,0.39,"G2_G3"
"112b8e495108a34b906472ab88df2e8c5",0.000151388888888889,0.000512692523281849,0.295282029704311,27.25,0,0.996391928295818,0.36,"G2_G3"
"1f6eef91cea08599638ee46a4c7e7c995",0.000151041666666667,0.000586292010966013,0.257621908266839,27.1875,0,0.996719690179447,0.43,"G2_G3"
"b1ada5450306be8190fe085fc59a59545",0.000150347222222222,0.000583596415513295,0.257621908266839,27.0625,0,0.997045945111886,0.68,"G2_G3"
"b212c07c7a19c7ac62501eb81de4309f5",0.00014484126984127,0.000523402240623325,0.276730320582459,0,26.0714285714286,0.997360252074184,0.14,"G2_G3"
"850dd59997cd860e8fe18e3268e86e705",0.000123263888888889,0.000478468192857321,0.257621908266839,22.1875,0,0.997627735910249,0.44,"G2_G3"
"a2794d9a683656c92fe04e0f5fe1e4495",0.000121875,0.000473077001951886,0.257621908266839,21.9375,0,0.997892205843935,0.41,"G2_G3"
"8550561c2fdadd7f67c40b816b48c1ef5",0.000119097222222222,0.000462294620141017,0.257621908266839,21.4375,0,0.998150647972865,0.56,"G2_G3"
"e73096ccb9c6b2d19edd28aba6202d7c5",0.000117361111111111,0.000455555631509224,0.257621908266839,21.125,0,0.998405322723823,0.47,"G2_G3"
"705158eef551ec080dd66226b645c0fe5",0.000108680555555556,0.000421860688350257,0.257621908266839,19.5625,0,0.998641160584917,0.34,"G2_G3"
"4e75934a4bf4dfd06f7ef1ec24c6c72c5",0.000106597222222222,0.000313179588243885,0.340370912484919,19.1875,0,0.998872477592443,0.53,"G2_G3"
"8ddf8ae3826f084467066355b1b1c18a5",9.96527777777778e-05,0.000386817947464932,0.257621908266839,17.9375,0,0.999088725088079,0.32,"G2_G3"
"ae16f3705ee4d4b892616eb6d9a1c1335",7.95138888888889e-05,0.000308645679336131,0.257621908266839,14.3125,0,0.99926127099923,0.2,"G2_G3"
"d8ec63d34841f558e0adca3e1f9c4f625",7.74305555555556e-05,0.000300558892977979,0.257621908266839,13.9375,0,0.999429296056815,0.32,"G2_G3"
"b2f917933d93ce136305d2932a9ed3865",7.22222222222222e-05,0.000260984130940946,0.276730320582459,0,13,0.999586018980481,0.01,"G2_G3"
"a6577b0941775769269b8dd91a1d44ec5",6.28472222222222e-05,0.000243951388470916,0.257621908266839,11.3125,0,0.999722398063094,0.21,"G2_G3"
"e26286d6540544a2832f60dfdf8595865",5.39186507936508e-05,6.36901477330856e-05,0.846577574597794,7.125,5.14285714285714,0.99983940205899,0.51,"G2_G3"
"028fdac2f188769b60fd4cf260372fcb5",2.77777777777778e-05,0.000107823818108692,0.257621908266839,5,0,0.999899680106555,0.18,"G2_G3"
"210bc7b4072ff6d3d85b96ca745936455",2.61904761904762e-05,9.46425969346286e-05,0.276730320582459,0,4.71428571428571,0.999956513694258,0.01,"G2_G3"
"eb6cbd27c7d568fe500ff82ee43b962f5",1.19047619047619e-05,4.3019362243013e-05,0.276730320582459,0,2.14285714285714,0.999982347143213,0.82,"G2_G3"
"59470531649449e66a30d968901a47635",5.20833333333333e-06,2.02169658953797e-05,0.257621908266839,0.9375,0,0.999993649277132,0.99,"G2_G3"
"a8703b4c215413b89a7475cdd6420ff05",1.38888888888889e-06,5.3911909054346e-06,0.257621908266839,0.25,0,0.99999666317951,0.97,"G2_G3"
"958194b71dba50f260d4b31057cc2ca15",1.19047619047619e-06,4.3019362243013e-06,0.276730320582459,0,0.214285714285714,0.999999246524406,0.51,"G2_G3"
"dfbeb16dc2a296d2c4e5c21e28455dd25",3.47222222222222e-07,1.34779772635865e-06,0.257621908266839,0.0625,0,1,0.22,"G2_G3"
"173ca1552c607c680889b30f43d7f0265",0,0,NA,0,0,1,NA,"G2_G3"
"513ceaf783e8c8bf475e73597ea86e845",0,0,NA,0,0,1,NA,"G2_G3"
"ae433a296aec19de408365cd099aa0145",0,0,NA,0,0,1,NA,"G2_G3"
"a31a10ce6c2ec7680bb90c065d9e5bf85",0,0,NA,0,0,1,NA,"G2_G3"
"890a2c4a189eef22063b3d686c541a715",0,0,NA,0,0,1,NA,"G2_G3"
"96f24210730503524690942a9f92209d5",0,0,NA,0,0,1,NA,"G2_G3"
"07504cf84550d0b2f34a55b8f680cf7e5",0,0,NA,0,0,1,NA,"G2_G3"
"317c006ea69cfd1f8362967a2bc37fc45",0,0,NA,0,0,1,NA,"G2_G3"
"ba02393d479f25f873c620ca971724ab5",0,0,NA,0,0,1,NA,"G2_G3"
"f15f07245f54c66679495fae9d7328635",0,0,NA,0,0,1,NA,"G2_G3"
"13dc453cc5164973a2f36519c8329a695",0,0,NA,0,0,1,NA,"G2_G3"
"27fe959fc5676ff4d01c6c377a721dba5",0,0,NA,0,0,1,NA,"G2_G3"
"2baed607df0180fb011d8d4d05fb88195",0,0,NA,0,0,1,NA,"G2_G3"
"0343e81e103065e65dcaa2637ec66d2b5",0,0,NA,0,0,1,NA,"G2_G3"
"dd9b21267e54cffd2e68a96e49c570455",0,0,NA,0,0,1,NA,"G2_G3"
"51f15bf76a4dcfa2c7abed002ebe70bc5",0,0,NA,0,0,1,NA,"G2_G3"
"8078b05f1696ab50d1a08b8ff5d026d15",0,0,NA,0,0,1,NA,"G2_G3"
"f6eaae49255d7f406d993b58cb0d01105",0,0,NA,0,0,1,NA,"G2_G3"
"d26c7eda8a0051d840633afa3d3d528d5",0,0,NA,0,0,1,NA,"G2_G3"
"89ab06a3f840f6f974b9fa289af4974a5",0,0,NA,0,0,1,NA,"G2_G3"
"9b014499e32815d4eea28f430878b6715",0,0,NA,0,0,1,NA,"G2_G3"
"02bc1896cf439ea5a251b96edbc44d885",0,0,NA,0,0,1,NA,"G2_G3"
"bf92f0a438a965108ff1b102694534015",0,0,NA,0,0,1,NA,"G2_G3"
"98178a0328a8d69c28edd1a61f9e14d85",0,0,NA,0,0,1,NA,"G2_G3"
"d71eb8ea50f2ef8487a0dc1559746e8f5",0,0,NA,0,0,1,NA,"G2_G3"
"568a6c846373e750ffea73ecc60e0ce25",0,0,NA,0,0,1,NA,"G2_G3"
"f097d2fe71a217b7141c07a95c81156c5",0,0,NA,0,0,1,NA,"G2_G3"
"aa0fccbbfb498555916e03c270754a345",0,0,NA,0,0,1,NA,"G2_G3"
"4a60afc8d30211637a46548f1397a6a35",0,0,NA,0,0,1,NA,"G2_G3"
"8e9cbcdfe6b4966c401f2bd895f109a45",0,0,NA,0,0,1,NA,"G2_G3"
"dab2e128ae196cc61b441897b5b0b17c5",0,0,NA,0,0,1,NA,"G2_G3"
"73a9c88945a6856ecee1788f675c8c9f5",0,0,NA,0,0,1,NA,"G2_G3"
"2ed42e281d82ea47653ea7a0415531915",0,0,NA,0,0,1,NA,"G2_G3"
"9104a5eda258f5144a21611e01ac30c55",0,0,NA,0,0,1,NA,"G2_G3"
"7588fbabbc6b11e0a6fca04227ad87c45",0,0,NA,0,0,1,NA,"G2_G3"
"eabcda47bfc6fe69e3435755065569945",0,0,NA,0,0,1,NA,"G2_G3"
"027bf31d5dffac4119349d436f1cab765",0,0,NA,0,0,1,NA,"G2_G3"
"a0481ee991e274f24b9a0cfb805bdbbe5",0,0,NA,0,0,1,NA,"G2_G3"
"7c3e00a2d5669e7cabe93dd93966e6315",0,0,NA,0,0,1,NA,"G2_G3"
"a063c1fd8d50459e48db5f05822decf95",0,0,NA,0,0,1,NA,"G2_G3"
"24ff1c1972e97418aad5ca65adbe81db5",0,0,NA,0,0,1,NA,"G2_G3"
"1c0b7d810b0b28e6490830cc204d61a85",0,0,NA,0,0,1,NA,"G2_G3"
"076a3cdae4e19b9ebd3b1e867d50d50d5",0,0,NA,0,0,1,NA,"G2_G3"
"2bc13c74b7a9fd18f2b809c25ca134ce5",0,0,NA,0,0,1,NA,"G2_G3"
"47880c5414c7736dbd571762504cf7905",0,0,NA,0,0,1,NA,"G2_G3"
"2ff230d0d0aadceb0c1c35269abda2395",0,0,NA,0,0,1,NA,"G2_G3"
"d318864ec594447d73618719d2eb4c4c5",0,0,NA,0,0,1,NA,"G2_G3"
"b37560fba4127cf6dde95d8884e33f3c5",0,0,NA,0,0,1,NA,"G2_G3"
"078cdbc288edeac9b14375fd53e917e05",0,0,NA,0,0,1,NA,"G2_G3"
"04e58144a1e0bf97a313b3b84b6023765",0,0,NA,0,0,1,NA,"G2_G3"
"972ea83ac654db049e792d82c24637955",0,0,NA,0,0,1,NA,"G2_G3"
"35f2f16241413259e916d3ad617b84185",0,0,NA,0,0,1,NA,"G2_G3"
"60c6622e553962a5dcb78fbe549ab7fa5",0,0,NA,0,0,1,NA,"G2_G3"
"2746217519099fbc4088bc7b63a2a8c55",0,0,NA,0,0,1,NA,"G2_G3"
"1f9077ccef6468636305a51b2aed42ba5",0,0,NA,0,0,1,NA,"G2_G3"
"8623e5254d0b3aa394bee4c45caf09b85",0,0,NA,0,0,1,NA,"G2_G3"
"3f98d23eb2352e0000bc95ca0f2e54ff5",0,0,NA,0,0,1,NA,"G2_G3"
"3feda796315faa84c5366c52d7dc744b5",0,0,NA,0,0,1,NA,"G2_G3"
"8b12eed8391d6efd6c1de53ed3effc175",0,0,NA,0,0,1,NA,"G2_G3"
"076c61006330e0bfe32b4ca22c3778ce5",0,0,NA,0,0,1,NA,"G2_G3"
"bea115d6c60b0df4f91b6fff8b7901ce5",0,0,NA,0,0,1,NA,"G2_G3"
"ad953ff4d9c0f21e967986d390bd2a115",0,0,NA,0,0,1,NA,"G2_G3"
"b43f947a248adca972f00fa6ed458dcb5",0,0,NA,0,0,1,NA,"G2_G3"
"f5b3f90bede327e1f2882eb30428f15c5",0,0,NA,0,0,1,NA,"G2_G3"
"bdf0ea93b3ca780772bb33c8736106385",0,0,NA,0,0,1,NA,"G2_G3"
"9e05df9739667289c16f6685650413f65",0,0,NA,0,0,1,NA,"G2_G3"
"5ac7ed6d0ed5ddd5769ba5ec553468bb5",0,0,NA,0,0,1,NA,"G2_G3"
"cdfc4f0ac2f21b78873017c5a368b99b5",0,0,NA,0,0,1,NA,"G2_G3"
"b43ce90dec6cb8ae947431e0b474a9a25",0,0,NA,0,0,1,NA,"G2_G3"
"132f268a71872efe8a4c6aea3cb82fe95",0,0,NA,0,0,1,NA,"G2_G3"
"db6059a25d4ae6b88b9cdaaee17553645",0,0,NA,0,0,1,NA,"G2_G3"
"e014f641a0b6637a8f4d8d284864cf415",0,0,NA,0,0,1,NA,"G2_G3"
"799c62de1cb7a2e0b684a84f71727fe55",0,0,NA,0,0,1,NA,"G2_G3"
"7fc609ab114eea9bd59352810ca76b815",0,0,NA,0,0,1,NA,"G2_G3"
"5031d3b48403eb538f2d9db5530d6b665",0,0,NA,0,0,1,NA,"G2_G3"
"f9282cf29faf2398e93e8d9cff5c232d5",0,0,NA,0,0,1,NA,"G2_G3"
"5ca129736d688e118ec61cd434564e525",0,0,NA,0,0,1,NA,"G2_G3"
"c927be1b570578a424ca689761f946275",0,0,NA,0,0,1,NA,"G2_G3"
"5ecb86f928e969dfb9be100707b8401b5",0,0,NA,0,0,1,NA,"G2_G3"
"bc2d8c4af67fdd3f95764063f23a4ac35",0,0,NA,0,0,1,NA,"G2_G3"
"5573912ea4b8e8d161307c8fd9b4bf4f5",0,0,NA,0,0,1,NA,"G2_G3"
"062a74c18b8837d87c59a6f1c09714bb5",0,0,NA,0,0,1,NA,"G2_G3"
"8e9d54743a37f15f6bb1e791952e39875",0,0,NA,0,0,1,NA,"G2_G3"
"88a077c9e28abbb58af146d986d1af125",0,0,NA,0,0,1,NA,"G2_G3"
"30296c3ec9a0b374e24bbb6c45931eea5",0,0,NA,0,0,1,NA,"G2_G3"
"b50f15e9131393d6ed0fb41d6e039af65",0,0,NA,0,0,1,NA,"G2_G3"
